ID,System,TM,TMA,AverageTip,RST,RSI,RSE,Time,CorrectSteps,TriedSteps,Score
1013319,1,0.33,0.42,0.0,0.8,0.2,0.0,0.14,1.0,0.19,52
1021330,0,0.2,0.7,0.2,0.8,0.0,0.2,0.61,1.0,0.67,64
1021412,1,0.63,0.0,0.0,1.0,0.0,0.0,0.17,1.0,0.26,100
1021435,1,0.44,0.0,0.0,1.0,0.0,0.0,0.11,1.0,0.19,100
1021520,1,0.32,0.0,0.15,0.6,0.4,0.0,0.51,1.0,1.0,100
1021521,0,0.02,0.0,0.0,0.8,0.2,0.0,0.27,1.0,0.7,100
1023317,0,0.01,0.0,0.0,0.8,0.2,0.0,0.23,1.0,0.26,100
1031430,0,0.49,0.0,0.0,1.0,0.0,0.0,0.21,1.0,0.56,100
1031444,1,0.08,0.37,0.3,0.2,0.8,0.0,0.17,1.0,0.26,56
1033362,0,0.11,0.37,1.0,0.0,0.0,1.0,0.42,1.0,0.19,52
1041225,1,0.11,0.37,0.0,1.0,0.0,0.0,0.37,1.0,1.0,100
1041416,0,0.36,0.07,0.0,1.0,0.0,0.0,0.2,1.0,0.63,100
1041449,0,0.92,0.0,0.0,1.0,0.0,0.0,0.24,1.0,0.26,100
1041463,1,0.12,0.0,0.0,0.8,0.2,0.0,0.26,1.0,0.81,100
1041563,1,0.35,1.0,0.2,0.6,0.4,0.0,0.69,1.0,0.33,100
1041639,1,0.26,0.0,0.05,0.8,0.2,0.0,0.2,1.0,0.19,100
1042701,1,0.25,1.0,0.5,0.0,0.8,0.2,0.38,1.0,0.7,100
1043302,0,0.25,0.0,0.0,1.0,0.0,0.0,0.23,1.0,0.52,100
1043330,1,0.28,0.09,0.0,1.0,0.0,0.0,0.34,1.0,0.41,100
1043363,1,0.11,0.0,0.0,1.0,0.0,0.0,0.1,1.0,0.19,100
1051402,0,0.15,0.0,0.0,1.0,0.0,0.0,0.3,1.0,0.67,100
1051403,0,0.16,0.37,0.0,0.8,0.2,0.0,0.81,1.0,1.0,100
1051410,0,0.16,0.07,0.0,1.0,0.0,0.0,0.14,1.0,0.26,100
1051415,0,0.17,0.0,0.7,0.0,0.4,0.6,0.38,1.0,0.41,100
1051417,1,0.29,1.0,0.15,1.0,0.0,0.0,0.83,0.2,1.0,84
1051419,0,0.11,0.14,0.0,0.8,0.2,0.0,0.21,1.0,0.19,100
1051421,0,0.2,0.0,0.0,1.0,0.0,0.0,0.45,1.0,0.85,100
1051425,1,0.04,0.0,0.95,0.0,0.2,0.8,0.33,1.0,1.0,100
1051438,1,0.12,0.0,0.0,1.0,0.0,0.0,0.16,1.0,0.19,100
1051439,1,0.32,0.0,0.05,0.8,0.2,0.0,0.23,1.0,0.19,100
1051443,0,0.74,1.0,0.0,1.0,0.0,0.0,0.19,1.0,0.22,100
1051444,0,0.73,0.0,0.0,1.0,0.0,0.0,0.18,1.0,0.19,100
1051445,1,0.48,0.0,0.4,0.6,0.0,0.4,0.21,1.0,0.26,72
1051448,0,0.02,0.0,0.1,0.8,0.2,0.0,0.2,1.0,0.52,100
1051450,1,0.02,1.0,0.0,1.0,0.0,0.0,0.58,1.0,1.0,96
1051453,0,0.36,0.0,0.55,0.0,0.8,0.2,0.48,1.0,0.85,88
1051455,1,0.29,0.0,0.2,0.8,0.0,0.2,0.24,1.0,0.26,100
1051502,1,0.23,0.81,0.0,1.0,0.0,0.0,0.24,1.0,0.19,100
1051503,1,0.58,1.0,0.0,1.0,0.0,0.0,0.45,1.0,0.19,100
1051507,1,0.05,0.14,0.1,0.6,0.4,0.0,0.19,1.0,0.26,100
1051515,1,0.43,0.07,0.15,0.8,0.2,0.0,0.18,1.0,0.67,100
1051528,0,0.33,1.0,0.0,1.0,0.0,0.0,0.15,1.0,0.33,100
1051533,0,0.47,0.0,0.0,1.0,0.0,0.0,0.16,1.0,0.19,100
1051535,0,1.0,0.77,0.2,0.6,0.4,0.0,0.53,1.0,1.0,100
1051539,0,0.2,0.0,0.0,1.0,0.0,0.0,0.43,1.0,0.37,56
1051540,1,0.28,0.0,0.0,1.0,0.0,0.0,0.13,1.0,0.19,100
1051542,1,0.06,0.0,0.15,0.8,0.2,0.0,0.32,1.0,0.59,100
1051544,0,0.82,1.0,0.0,0.8,0.2,0.0,0.44,1.0,0.59,100
1051545,1,0.02,0.0,0.0,1.0,0.0,0.0,0.22,1.0,0.26,100
1051546,0,0.05,0.09,0.05,0.8,0.2,0.0,0.26,1.0,0.19,100
1051548,0,0.06,0.0,0.0,1.0,0.0,0.0,0.3,1.0,0.26,100
1053315,1,0.46,0.0,0.2,0.6,0.4,0.0,0.56,1.0,1.0,100
1053316,0,0.76,0.0,0.0,1.0,0.0,0.0,0.14,1.0,0.19,100
1053321,1,0.2,0.0,0.2,0.0,1.0,0.0,0.17,1.0,0.19,92
1053324,1,1.0,0.09,0.0,1.0,0.0,0.0,0.12,1.0,0.33,100
1053329,0,0.36,0.42,0.0,1.0,0.0,0.0,0.17,1.0,0.19,100
1053330,1,0.09,0.0,0.0,1.0,0.0,0.0,0.64,1.0,1.0,100
1053333,0,0.25,0.09,0.3,0.2,0.8,0.0,0.18,1.0,0.33,100
1053339,0,0.05,0.42,0.0,1.0,0.0,0.0,0.25,1.0,0.37,100
1053344,0,0.37,1.0,0.05,0.8,0.2,0.0,0.38,1.0,0.78,100
1053348,0,0.79,0.0,0.05,0.8,0.2,0.0,0.1,1.0,0.19,100
1013319,1,0.15,0.0,0.0,1.0,0.0,0.0,0.17,1.0,0.19,100
1021330,0,0.01,0.0,0.2,0.8,0.0,0.2,0.22,1.0,0.52,80
1021412,1,0.35,0.09,0.05,0.8,0.2,0.0,0.36,1.0,0.33,100
1021435,1,0.21,0.0,0.05,0.6,0.4,0.0,0.14,1.0,0.19,100
1023317,0,0.16,0.0,0.1,0.6,0.4,0.0,0.35,1.0,0.44,100
1031444,1,0.06,0.05,0.4,0.6,0.0,0.4,0.33,1.0,0.7,100
1033362,0,0.39,0.09,1.0,0.0,0.0,1.0,0.41,1.0,0.48,16
1041225,1,0.29,0.0,0.0,1.0,0.0,0.0,0.24,1.0,0.19,100
1041416,0,0.88,0.0,0.0,1.0,0.0,0.0,0.23,1.0,0.26,100
1041445,0,0.53,0.09,0.0,0.8,0.2,0.0,0.25,1.0,0.19,100
1041449,0,1.0,0.0,0.0,1.0,0.0,0.0,0.17,1.0,0.19,100
1041563,1,0.77,0.0,1.0,0.0,0.0,1.0,0.56,1.0,0.89,40
1041639,1,0.02,0.09,0.15,0.6,0.4,0.0,0.34,1.0,0.48,92
1042701,1,1.0,0.0,0.5,0.2,0.4,0.4,0.45,1.0,0.52,100
1043330,1,0.05,0.0,0.1,0.8,0.2,0.0,0.29,1.0,0.63,100
1043363,1,0.47,0.0,0.1,0.8,0.2,0.0,0.39,1.0,0.85,40
1051402,0,0.22,0.12,0.0,1.0,0.0,0.0,0.43,1.0,0.85,0
1051403,0,0.05,0.05,0.0,1.0,0.0,0.0,0.37,1.0,1.0,100
1051405,0,0.01,0.0,0.0,1.0,0.0,0.0,0.14,1.0,0.19,100
1051410,0,0.04,0.19,0.0,1.0,0.0,0.0,0.28,1.0,0.52,100
1051421,0,0.21,0.0,0.2,0.6,0.4,0.0,0.52,1.0,1.0,60
1051425,1,0.04,0.0,0.4,0.6,0.0,0.4,0.44,1.0,0.93,100
1051438,1,0.01,0.42,0.4,0.2,0.8,0.0,0.5,1.0,0.56,96
1051439,1,0.29,0.0,0.0,0.8,0.2,0.0,0.27,1.0,0.19,100
1051443,0,0.92,0.21,0.0,1.0,0.0,0.0,0.63,1.0,1.0,100
1051444,0,0.5,0.12,0.0,0.8,0.2,0.0,1.0,1.0,0.26,100
1051450,1,0.12,0.35,0.2,0.33,0.67,0.0,1.0,0.6,1.0,92
1051453,0,0.6,0.0,0.2,0.0,1.0,0.0,0.13,1.0,0.19,100
1051455,1,0.02,0.0,0.35,0.6,0.2,0.2,0.27,1.0,0.41,100
1051502,1,0.03,0.0,0.15,0.8,0.2,0.0,0.26,1.0,0.19,100
1051503,1,0.46,0.0,0.2,0.8,0.0,0.2,0.51,1.0,0.41,96
1051507,1,0.04,0.0,0.0,1.0,0.0,0.0,0.14,1.0,0.26,100
1051528,0,0.01,0.0,0.15,0.8,0.2,0.0,0.11,1.0,0.19,100
1051533,0,0.04,0.0,0.0,1.0,0.0,0.0,0.32,1.0,0.56,100
1051535,0,0.12,0.0,0.0,1.0,0.0,0.0,0.2,1.0,0.26,100
1051539,0,0.07,0.0,0.0,1.0,0.0,0.0,0.32,1.0,0.19,100
1051540,1,0.01,0.0,0.0,1.0,0.0,0.0,0.14,1.0,0.19,100
1051542,1,0.09,0.0,0.05,0.6,0.4,0.0,0.27,1.0,0.41,100
1051544,0,0.38,0.0,0.35,0.6,0.2,0.2,0.7,1.0,1.0,40
1051546,0,0.09,0.0,0.1,0.6,0.4,0.0,0.7,1.0,1.0,100
1051548,0,0.08,0.0,0.35,0.2,0.6,0.2,0.26,1.0,0.33,100
1053316,0,0.36,0.0,0.25,0.6,0.4,0.0,0.3,1.0,1.0,100
1053321,1,0.47,0.0,0.2,0.2,0.8,0.0,0.2,1.0,0.26,100
1053324,1,0.13,0.0,0.0,1.0,0.0,0.0,0.17,1.0,0.19,36
1053329,0,0.45,0.0,0.15,0.8,0.2,0.0,0.26,1.0,0.19,100
1053330,1,0.11,0.0,0.1,0.6,0.4,0.0,0.36,1.0,0.56,100
1053333,0,0.04,0.0,0.0,1.0,0.0,0.0,0.25,1.0,0.33,100
1053339,0,1.0,0.0,0.2,0.8,0.0,0.2,0.49,1.0,0.78,100
1053348,0,0.3,0.0,0.05,0.8,0.2,0.0,0.14,1.0,0.19,100
1013319,1,0.06,0.0,0.0,0.8,0.2,0.0,0.18,1.0,0.19,100
1021412,1,0.73,0.0,0.0,0.8,0.2,0.0,0.28,1.0,0.19,100
1021435,1,0.23,0.02,0.05,0.6,0.4,0.0,0.17,1.0,0.19,100
1021520,1,0.79,0.02,0.7,0.0,0.4,0.6,0.3,1.0,0.7,100
1021521,0,0.01,0.0,0.0,1.0,0.0,0.0,0.34,1.0,0.19,100
1023317,0,0.02,0.0,0.0,1.0,0.0,0.0,0.46,1.0,0.26,80
1031444,1,0.09,0.19,0.8,0.2,0.0,0.8,0.25,1.0,0.48,100
1041225,1,0.86,0.0,0.0,0.8,0.2,0.0,0.25,1.0,0.19,100
1041416,0,0.72,0.0,0.0,1.0,0.0,0.0,0.29,1.0,0.19,92
1041445,0,0.54,0.0,0.0,0.8,0.2,0.0,0.27,1.0,0.19,100
1041449,0,0.07,0.0,0.05,0.8,0.2,0.0,0.38,1.0,0.19,100
1041563,1,1.0,0.0,0.55,0.0,0.6,0.4,0.39,1.0,0.26,100
1041639,1,0.01,0.0,0.4,0.2,0.8,0.0,0.49,1.0,0.48,100
1042701,1,0.64,0.0,0.35,0.2,0.6,0.2,0.34,1.0,0.33,100
1043363,1,0.64,0.0,0.0,0.8,0.2,0.0,0.23,1.0,0.19,0
1051402,0,1.0,0.0,0.0,1.0,0.0,0.0,0.3,1.0,0.26,100
1051403,0,0.51,0.07,0.0,1.0,0.0,0.0,0.51,1.0,0.96,100
1051405,0,0.01,0.0,0.1,0.8,0.2,0.0,0.52,1.0,0.59,36
1051410,0,0.07,0.0,0.0,0.8,0.2,0.0,0.48,1.0,0.96,100
1051417,1,0.01,0.0,0.55,0.2,0.6,0.2,0.77,1.0,0.48,100
1051419,0,0.25,0.07,0.45,0.4,0.2,0.4,0.45,1.0,0.19,36
1051421,0,0.56,0.0,0.0,1.0,0.0,0.0,0.58,1.0,0.78,100
1051425,1,0.01,0.0,0.4,0.4,0.4,0.2,0.2,1.0,0.26,100
1051438,1,0.12,0.0,0.25,0.0,1.0,0.0,0.32,1.0,0.26,72
1051443,0,0.33,0.0,0.0,1.0,0.0,0.0,0.2,1.0,0.19,100
1051444,0,1.0,0.0,0.0,0.8,0.2,0.0,0.72,1.0,0.63,100
1051450,1,0.01,0.05,0.35,0.5,0.0,0.5,0.96,0.4,0.56,76
1051453,0,0.05,0.0,0.55,0.0,0.6,0.4,0.38,1.0,0.48,100
1051455,1,0.01,0.0,0.8,0.2,0.0,0.8,0.52,1.0,0.56,100
1051502,1,0.02,0.0,0.0,1.0,0.0,0.0,0.13,1.0,0.19,100
1051503,1,0.98,0.0,0.45,0.2,0.6,0.2,0.57,1.0,0.37,76
1051507,1,0.05,0.0,0.05,0.6,0.4,0.0,0.46,1.0,0.19,100
1051515,1,0.02,0.0,0.3,0.2,0.8,0.0,0.43,1.0,0.74,100
1051540,1,0.02,0.0,0.2,0.8,0.0,0.2,0.47,1.0,0.81,100
1051542,1,0.01,0.0,0.1,0.8,0.2,0.0,0.47,1.0,0.63,100
1051544,0,1.0,0.0,0.0,1.0,0.0,0.0,0.25,1.0,0.19,96
1051545,1,0.15,0.0,0.0,0.8,0.2,0.0,0.31,1.0,0.19,100
1051546,0,0.07,0.0,0.05,0.8,0.2,0.0,0.25,1.0,0.33,0
1053315,1,1.0,0.0,0.3,0.2,0.8,0.0,0.74,1.0,0.63,100
1053316,0,0.96,0.0,0.0,1.0,0.0,0.0,0.29,1.0,0.19,100
1053321,1,0.51,0.0,0.2,0.0,1.0,0.0,0.33,1.0,0.19,100
1053324,1,0.09,0.0,0.0,1.0,0.0,0.0,0.22,1.0,0.19,100
1053329,0,0.15,0.0,0.0,0.8,0.2,0.0,0.41,1.0,0.26,100
1053330,1,0.01,0.0,0.2,0.6,0.4,0.0,0.55,1.0,0.19,76
1053333,0,0.01,0.0,0.0,1.0,0.0,0.0,0.38,1.0,0.52,100
1053339,0,0.05,0.0,0.05,0.8,0.2,0.0,0.22,1.0,0.19,100
1053348,0,0.09,0.0,0.0,1.0,0.0,0.0,0.16,1.0,0.33,100
1013319,1,0.08,0.0,0.6,0.4,0.0,0.6,0.61,1.0,0.63,100
1021330,0,0.29,1.0,0.6,0.0,0.6,0.4,0.47,1.0,0.7,100
1021435,1,0.2,0.0,0.6,0.2,0.2,0.6,0.38,1.0,0.56,96
1021520,1,0.18,0.4,0.75,0.2,0.2,0.6,0.42,1.0,0.63,100
1023317,0,0.01,0.0,0.2,0.8,0.0,0.2,0.56,1.0,0.48,100
1031430,0,0.01,0.0,0.0,1.0,0.0,0.0,0.69,1.0,0.19,96
1031444,1,0.15,0.77,1.0,0.0,0.0,1.0,0.26,1.0,0.41,100
1033362,0,1.0,0.72,1.0,0.0,0.0,1.0,0.42,1.0,0.26,88
1041225,1,0.19,0.0,0.15,0.8,0.2,0.0,0.37,1.0,0.56,100
1041416,0,0.28,0.0,0.0,1.0,0.0,0.0,0.5,1.0,0.19,100
1041449,0,0.02,0.51,0.5,0.0,0.8,0.2,0.42,1.0,0.37,100
1041463,1,1.0,0.0,0.1,0.8,0.2,0.0,0.55,1.0,0.48,32
1041563,1,0.97,0.0,1.0,0.0,0.0,1.0,0.48,1.0,0.74,48
1041639,1,0.15,1.0,0.45,0.4,0.2,0.4,0.8,1.0,0.7,100
1042701,1,0.21,0.0,0.8,0.2,0.0,0.8,0.5,1.0,0.59,100
1043363,1,0.6,0.0,0.0,0.8,0.2,0.0,0.3,1.0,0.33,100
1051402,0,1.0,0.0,0.0,1.0,0.0,0.0,0.42,1.0,0.19,100
1051403,0,0.21,0.77,0.0,1.0,0.0,0.0,0.59,1.0,0.74,100
1051405,0,0.01,0.0,0.1,0.8,0.2,0.0,0.35,1.0,0.52,100
1051410,0,0.27,1.0,0.0,1.0,0.0,0.0,0.61,1.0,0.19,100
1051415,0,0.12,1.0,0.25,0.6,0.2,0.2,0.46,1.0,0.19,100
1051417,1,1.0,0.0,0.7,0.0,0.4,0.6,0.7,1.0,0.63,100
1051421,0,0.62,0.0,0.8,0.2,0.0,0.8,0.51,1.0,0.56,96
1051425,1,0.35,0.0,1.0,0.0,0.0,1.0,0.72,1.0,1.0,100
1051438,1,0.57,0.0,0.35,0.0,1.0,0.0,0.6,1.0,0.48,100
1051439,1,0.01,0.0,0.15,0.6,0.4,0.0,0.74,1.0,0.48,100
1051443,0,0.47,0.44,0.2,0.6,0.2,0.2,0.45,1.0,0.19,100
1051444,0,1.0,0.72,0.2,0.8,0.0,0.2,0.66,1.0,0.37,100
1051450,1,0.07,0.0,0.45,0.0,1.0,0.0,1.0,0.8,0.59,80
1051453,0,0.29,1.0,0.3,0.2,0.8,0.0,0.57,1.0,0.19,100
1051455,1,0.01,0.0,0.8,0.2,0.0,0.8,0.56,1.0,0.67,100
1051502,1,0.01,0.0,1.0,0.0,0.0,1.0,0.15,1.0,0.63,100
1051503,1,1.0,0.0,0.6,0.2,0.6,0.2,0.38,1.0,0.7,88
1051507,1,0.02,1.0,0.2,0.8,0.0,0.2,0.58,1.0,0.56,100
1051515,1,0.09,0.72,0.35,0.4,0.4,0.2,0.48,1.0,0.26,100
1051528,0,0.05,0.0,0.35,0.0,1.0,0.0,0.66,1.0,1.0,100
1051533,0,0.65,0.0,0.3,0.2,0.8,0.0,0.65,1.0,0.26,100
1051535,0,0.02,1.0,1.0,0.0,0.0,1.0,0.51,1.0,0.19,100
1051540,1,0.01,0.0,0.45,0.0,1.0,0.0,0.44,1.0,0.33,100
1051542,1,0.01,0.72,1.0,0.0,0.0,1.0,0.26,1.0,0.19,100
1051544,0,1.0,0.0,0.25,0.6,0.2,0.2,0.39,1.0,0.19,52
1051545,1,0.05,0.0,0.95,0.0,0.2,0.8,0.68,1.0,0.26,100
1051546,0,0.4,0.0,0.15,0.6,0.4,0.0,0.83,1.0,0.48,100
1051548,0,0.19,0.58,1.0,0.0,0.0,1.0,0.36,1.0,0.41,96
1053315,1,1.0,0.74,0.45,0.0,0.0,1.0,0.82,0.4,1.0,100
1053316,0,0.96,0.0,0.1,0.8,0.2,0.0,0.36,1.0,0.3,96
1053321,1,0.75,0.0,0.25,0.0,1.0,0.0,0.45,1.0,0.56,100
1053324,1,0.44,0.0,0.15,0.4,0.6,0.0,0.28,1.0,0.33,100
1053329,0,0.26,0.77,0.0,1.0,0.0,0.0,0.76,1.0,0.44,100
1053330,1,0.01,0.0,0.5,0.4,0.2,0.4,0.96,1.0,1.0,88
1053333,0,0.01,0.0,0.0,1.0,0.0,0.0,1.0,0.4,0.7,100
1053339,0,0.02,0.0,0.8,0.2,0.0,0.8,0.46,1.0,0.3,100
1053348,0,0.58,0.0,0.0,0.8,0.2,0.0,0.71,1.0,0.78,100
1013319,1,0.17,0.0,0.15,0.8,0.2,0.0,0.38,1.0,0.19,100
1021412,1,0.7,0.0,0.0,1.0,0.0,0.0,0.59,1.0,0.19,100
1021435,1,0.15,0.0,1.0,0.0,0.0,1.0,0.1,1.0,0.63,56
1021521,0,0.01,0.0,0.4,0.2,0.8,0.0,1.0,1.0,1.0,100
1023317,0,0.09,0.0,0.1,0.6,0.4,0.0,0.46,1.0,0.19,100
1031430,0,0.04,0.0,0.0,1.0,0.0,0.0,0.34,1.0,0.19,96
1031444,1,1.0,0.0,1.0,0.0,0.0,1.0,0.05,1.0,0.7,100
1033362,0,0.64,0.0,1.0,0.0,0.0,1.0,0.3,1.0,0.56,36
1041225,1,0.04,0.0,0.6,0.0,0.67,0.33,1.0,0.6,0.67,100
1041416,0,0.43,0.0,0.2,0.67,0.33,0.0,1.0,0.6,1.0,100
1041445,0,0.13,1.0,1.0,0.0,0.0,1.0,1.0,1.0,0.93,92
1041449,0,0.01,1.0,0.85,0.0,0.2,0.8,1.0,1.0,0.19,100
1041463,1,0.36,0.86,0.15,0.8,0.2,0.0,0.57,1.0,0.19,100
1041563,1,1.0,0.33,0.8,0.2,0.0,0.8,0.46,1.0,0.33,36
1041639,1,0.06,0.0,0.4,0.4,0.4,0.2,0.61,1.0,0.3,100
1042701,1,0.77,0.0,1.0,0.0,0.0,1.0,0.77,1.0,1.0,100
1043302,0,0.03,0.0,1.0,0.0,0.0,1.0,1.0,1.0,1.0,32
1043330,1,0.05,0.0,0.2,0.8,0.0,0.2,0.95,1.0,1.0,100
1043363,1,0.54,0.0,0.25,0.4,0.6,0.0,0.79,1.0,0.37,100
1051402,0,0.24,0.0,0.25,0.0,1.0,0.0,0.81,1.0,0.56,100
1051405,0,0.02,0.0,0.25,0.4,0.6,0.0,0.84,1.0,0.7,96
1051415,0,0.04,0.44,1.0,0.0,0.0,1.0,0.39,1.0,0.19,92
1051417,1,0.2,0.0,1.0,0.0,0.0,1.0,0.38,1.0,0.19,100
1051425,1,0.01,0.0,0.3,0.0,1.0,0.0,0.68,1.0,0.19,100
1051438,1,0.81,0.0,1.0,0.0,0.0,1.0,1.0,1.0,0.33,40
1051439,1,0.09,0.0,0.1,0.6,0.4,0.0,0.67,1.0,0.44,100
1051443,0,0.41,0.05,0.2,0.8,0.0,0.2,0.81,1.0,0.26,100
1051444,0,1.0,0.7,1.0,0.0,0.0,1.0,0.51,1.0,0.19,92
1051453,0,0.23,0.0,1.0,0.0,0.0,1.0,0.96,1.0,0.78,100
1051455,1,0.01,0.0,0.25,0.6,0.2,0.2,0.36,1.0,0.19,100
1051502,1,0.01,0.0,1.0,0.0,0.0,1.0,0.05,1.0,0.63,60
1051503,1,1.0,1.0,1.0,0.0,0.0,1.0,1.0,1.0,0.44,68
1051515,1,0.59,0.0,1.0,0.0,0.0,1.0,0.54,1.0,0.56,92
1051528,0,0.01,0.0,1.0,0.0,0.0,1.0,0.36,1.0,0.19,96
1051535,0,0.25,0.0,1.0,0.0,0.0,1.0,0.47,1.0,0.26,96
1051539,0,0.35,1.0,0.2,0.2,0.8,0.0,0.9,1.0,0.19,28
1051540,1,0.04,0.0,0.5,0.0,0.8,0.2,0.76,1.0,0.37,100
1051542,1,0.08,0.0,1.0,0.0,0.0,1.0,0.05,1.0,0.63,64
1051544,0,0.65,0.0,0.2,0.6,0.2,0.2,0.54,1.0,0.89,100
1051545,1,0.1,0.0,0.4,0.6,0.0,0.4,0.09,1.0,0.26,64
1051546,0,0.88,0.0,0.55,0.2,0.6,0.2,0.73,1.0,0.41,100
1051548,0,0.04,0.0,1.0,0.0,0.0,1.0,0.16,1.0,0.19,60
1053315,1,0.3,1.0,0.2,0.8,0.0,0.2,0.87,1.0,0.19,100
1053316,0,0.88,0.0,0.1,0.8,0.2,0.0,0.67,1.0,0.52,100
1053321,1,0.29,0.0,0.6,0.4,0.0,0.6,1.0,1.0,0.26,88
1053329,0,0.2,0.0,0.2,0.6,0.2,0.2,0.52,1.0,0.19,100
1053330,1,1.0,0.65,0.65,0.2,0.4,0.4,0.76,1.0,0.67,64
1053333,0,0.02,0.0,0.35,0.6,0.2,0.2,0.73,1.0,0.44,100
1053348,0,0.4,0.0,0.0,1.0,0.0,0.0,0.54,1.0,0.37,100
1013319,1,0.71,0.0,0.8,0.2,0.0,0.8,0.47,1.0,0.19,100
1021330,0,0.58,1.0,1.0,0.0,0.0,1.0,0.47,1.0,0.33,100
1021412,1,1.0,0.12,0.0,1.0,0.0,0.0,0.75,1.0,0.33,100
1021520,1,0.5,1.0,1.0,0.0,0.0,1.0,0.29,1.0,0.7,96
1023317,0,0.01,0.0,0.6,0.33,0.0,0.67,1.0,0.6,1.0,100
1031444,1,1.0,1.0,1.0,0.0,0.0,1.0,0.48,1.0,0.19,92
1033362,0,0.01,0.0,1.0,0.0,0.0,1.0,0.27,1.0,0.41,12
1041225,1,1.0,0.0,0.2,0.6,0.4,0.0,0.92,1.0,0.19,92
1041416,0,1.0,0.0,0.1,0.8,0.2,0.0,1.0,1.0,0.44,100
1041449,0,0.01,1.0,0.8,0.2,0.0,0.8,0.78,1.0,0.19,100
1041563,1,1.0,1.0,1.0,0.0,0.0,1.0,0.31,1.0,0.19,20
1041639,1,1.0,0.95,0.5,0.2,0.4,0.4,1.0,1.0,0.44,92
1042701,1,1.0,0.0,0.5,0.2,0.4,0.4,0.52,1.0,0.26,84
1043363,1,0.53,0.09,0.0,1.0,0.0,0.0,0.55,1.0,0.26,92
1051402,0,1.0,1.0,0.25,0.0,0.0,1.0,0.66,0.2,0.41,80
1051403,0,1.0,1.0,1.0,0.0,0.0,1.0,0.99,1.0,0.19,8
1051405,0,0.03,1.0,0.3,0.4,0.6,0.0,1.0,1.0,0.67,100
1051410,0,0.06,0.0,1.0,0.0,0.0,1.0,0.09,1.0,0.19,92
1051415,0,0.1,1.0,1.0,0.0,0.0,1.0,0.86,1.0,0.26,100
1051421,0,1.0,1.0,1.0,0.0,0.0,1.0,0.85,1.0,0.19,64
1051439,1,0.89,0.0,1.0,0.0,0.0,1.0,0.45,1.0,0.19,12
1051443,0,1.0,0.0,0.4,0.6,0.0,0.4,0.74,1.0,0.26,96
1051444,0,1.0,1.0,1.0,0.0,0.0,1.0,0.49,1.0,0.26,100
1051453,0,0.39,1.0,1.0,0.0,0.0,1.0,0.95,1.0,0.41,84
1051455,1,0.03,0.0,1.0,0.0,0.0,1.0,0.35,1.0,0.19,100
1051502,1,0.44,1.0,1.0,0.0,0.0,1.0,0.04,1.0,0.33,96
1051503,1,1.0,0.0,1.0,0.0,0.0,1.0,0.41,1.0,0.41,88
1051507,1,0.22,0.0,0.3,0.6,0.2,0.2,0.67,1.0,0.56,96
1051515,1,0.02,0.0,1.0,0.0,0.0,1.0,0.62,1.0,0.63,88
1051528,0,1.0,1.0,1.0,0.0,0.0,1.0,0.6,1.0,0.48,100
1051533,0,1.0,0.0,0.2,0.5,0.5,0.0,0.84,0.4,0.19,100
1051535,0,0.16,0.0,1.0,0.0,0.0,1.0,0.35,1.0,0.19,92
1051540,1,0.06,0.0,0.4,0.6,0.0,0.4,0.59,1.0,0.33,100
1051542,1,1.0,0.0,1.0,0.0,0.0,1.0,0.04,1.0,0.19,100
1051545,1,0.31,0.0,1.0,0.0,0.0,1.0,0.91,1.0,0.26,100
1051546,0,1.0,1.0,1.0,0.0,0.0,1.0,0.89,1.0,1.0,96
1051548,0,1.0,1.0,1.0,0.0,0.0,1.0,0.78,1.0,0.44,100
1053315,1,0.73,1.0,0.7,0.0,0.4,0.6,0.92,1.0,0.41,100
1053316,0,0.57,0.0,0.5,0.2,0.4,0.4,0.72,1.0,0.41,100
1053321,1,0.51,1.0,1.0,0.0,0.0,1.0,0.98,1.0,0.33,76
1053329,0,0.18,0.0,1.0,0.0,0.0,1.0,1.0,1.0,0.19,100
1053330,1,1.0,1.0,1.0,0.0,0.0,1.0,0.88,1.0,0.56,100
1053339,0,0.7,1.0,0.8,0.2,0.0,0.8,0.82,1.0,0.19,88
1053348,0,1.0,0.0,0.45,0.2,0.4,0.4,0.87,1.0,1.0,72
1013319,1,0.33,0.42,0.0,1.0,0.0,0.0,0.15,1.0,0.26,84
1021330,0,0.2,0.7,0.2,0.8,0.0,0.2,0.17,1.0,0.44,100
1021412,1,0.63,0.0,0.0,1.0,0.0,0.0,0.19,1.0,0.19,100
1021435,1,0.44,0.0,0.0,1.0,0.0,0.0,0.17,1.0,0.19,100
1021520,1,0.32,0.0,0.2,0.2,0.8,0.0,0.08,1.0,0.19,100
1021521,0,0.02,0.0,0.0,1.0,0.0,0.0,0.09,1.0,0.19,100
1023317,0,0.01,0.0,0.1,0.8,0.2,0.0,0.27,1.0,0.48,100
1031430,0,0.49,0.0,0.0,1.0,0.0,0.0,0.19,1.0,0.78,100
1031444,1,0.08,0.37,0.25,0.6,0.4,0.0,0.28,1.0,0.48,100
1033362,0,0.11,0.37,1.0,0.0,0.0,1.0,0.17,1.0,0.19,36
1041225,1,0.11,0.37,0.0,0.8,0.2,0.0,0.1,1.0,0.19,68
1041416,0,0.36,0.07,0.0,1.0,0.0,0.0,0.19,1.0,0.19,100
1041449,0,0.92,0.0,0.0,1.0,0.0,0.0,0.27,1.0,0.56,100
1041463,1,0.12,0.0,0.0,1.0,0.0,0.0,0.07,1.0,0.33,100
1041563,1,0.35,1.0,0.6,0.2,0.4,0.4,0.22,1.0,0.33,84
1041639,1,0.26,0.0,0.05,0.8,0.2,0.0,0.16,1.0,0.19,100
1042701,1,0.25,1.0,0.2,0.2,0.8,0.0,0.15,1.0,0.19,100
1043302,0,0.25,0.0,0.0,1.0,0.0,0.0,0.23,1.0,0.19,100
1043330,1,0.28,0.09,0.0,1.0,0.0,0.0,0.1,1.0,0.19,100
1043363,1,0.11,0.0,0.1,0.8,0.2,0.0,0.41,1.0,1.0,100
1051402,0,0.15,0.0,0.0,1.0,0.0,0.0,0.16,1.0,0.41,100
1051403,0,0.16,0.37,0.0,1.0,0.0,0.0,0.08,1.0,0.19,68
1051410,0,0.16,0.07,0.0,1.0,0.0,0.0,0.14,1.0,0.26,100
1051415,0,0.17,0.0,0.2,0.2,0.8,0.0,0.16,1.0,0.19,100
1051419,0,0.11,0.14,0.45,0.4,0.4,0.2,0.39,1.0,0.85,32
1051421,0,0.2,0.0,0.0,1.0,0.0,0.0,0.45,1.0,0.96,68
1051425,1,0.04,0.0,0.2,0.2,0.8,0.0,0.21,1.0,0.26,100
1051438,1,0.12,0.0,0.0,1.0,0.0,0.0,0.12,1.0,0.19,68
1051439,1,0.32,0.0,0.05,0.8,0.2,0.0,0.24,1.0,0.19,100
1051443,0,0.74,1.0,0.0,1.0,0.0,0.0,0.17,1.0,0.26,100
1051444,0,0.73,0.0,0.0,1.0,0.0,0.0,0.23,1.0,0.19,100
1051445,1,0.48,0.0,0.4,0.6,0.0,0.4,0.12,1.0,0.19,60
1051448,0,0.02,0.0,0.0,1.0,0.0,0.0,0.1,1.0,0.19,100
1051450,1,0.02,1.0,0.0,1.0,0.0,0.0,0.27,1.0,0.19,68
1051453,0,0.36,0.0,0.3,0.2,0.8,0.0,0.14,1.0,0.26,100
1051455,1,0.29,0.0,0.05,0.8,0.2,0.0,0.15,1.0,0.19,68
1051502,1,0.23,0.81,0.0,1.0,0.0,0.0,0.15,1.0,0.19,100
1051503,1,0.58,1.0,0.0,1.0,0.0,0.0,0.2,1.0,0.26,100
1051507,1,0.05,0.14,0.05,0.8,0.2,0.0,0.49,1.0,0.59,100
1051515,1,0.43,0.07,0.0,1.0,0.0,0.0,0.09,1.0,0.33,100
1051528,0,0.33,1.0,0.0,1.0,0.0,0.0,0.12,1.0,0.26,32
1051533,0,0.47,0.0,0.0,1.0,0.0,0.0,0.18,1.0,0.19,100
1051535,0,1.0,0.77,0.0,1.0,0.0,0.0,0.07,1.0,0.63,68
1051539,0,0.2,0.0,0.0,1.0,0.0,0.0,0.18,1.0,0.19,100
1051540,1,0.28,0.0,0.0,1.0,0.0,0.0,0.11,1.0,0.19,100
1051542,1,0.06,0.0,0.0,1.0,0.0,0.0,0.15,1.0,0.59,100
1051544,0,0.82,1.0,0.0,1.0,0.0,0.0,0.31,1.0,1.0,32
1051545,1,0.02,0.0,0.0,1.0,0.0,0.0,0.12,1.0,0.19,100
1051546,0,0.05,0.09,0.05,0.8,0.2,0.0,0.24,1.0,0.33,100
1051548,0,0.06,0.0,0.45,0.2,0.6,0.2,0.23,1.0,0.19,100
1053315,1,0.46,0.0,0.2,0.4,0.6,0.0,0.31,1.0,0.67,100
1053316,0,0.76,0.0,0.0,1.0,0.0,0.0,0.17,1.0,0.19,100
1053321,1,0.2,0.0,0.2,0.2,0.8,0.0,0.21,1.0,0.19,100
1053324,1,1.0,0.09,0.0,1.0,0.0,0.0,0.11,1.0,0.41,100
1053329,0,0.36,0.42,0.0,1.0,0.0,0.0,0.11,1.0,0.19,68
1053330,1,0.09,0.0,0.0,1.0,0.0,0.0,0.25,0.8,1.0,100
1053333,0,0.25,0.09,0.1,0.8,0.2,0.0,0.15,1.0,0.22,100
1053339,0,0.05,0.42,0.0,1.0,0.0,0.0,0.22,1.0,0.19,100
1053344,0,0.37,1.0,0.2,0.8,0.0,0.2,0.21,1.0,0.63,100
1053348,0,0.79,0.0,0.05,0.8,0.2,0.0,0.11,1.0,0.19,100
1013319,1,0.15,0.0,0.0,1.0,0.0,0.0,0.09,1.0,0.19,100
1021330,0,0.01,0.0,0.0,1.0,0.0,0.0,0.07,1.0,0.19,100
1021412,1,0.35,0.09,0.0,1.0,0.0,0.0,0.09,1.0,0.19,100
1021435,1,0.21,0.0,0.0,1.0,0.0,0.0,0.1,1.0,0.19,100
1023317,0,0.16,0.0,0.1,0.8,0.2,0.0,0.18,1.0,0.63,100
1031444,1,0.06,0.05,0.2,0.8,0.0,0.2,0.08,1.0,0.19,100
1033362,0,0.39,0.09,1.0,0.0,0.0,1.0,0.23,1.0,0.19,52
1041225,1,0.29,0.0,0.0,1.0,0.0,0.0,0.07,1.0,0.26,100
1041416,0,0.88,0.0,0.0,1.0,0.0,0.0,0.13,1.0,0.19,100
1041445,0,0.53,0.09,0.0,1.0,0.0,0.0,0.07,1.0,0.19,100
1041449,0,1.0,0.0,0.0,1.0,0.0,0.0,0.11,1.0,0.19,100
1041563,1,0.77,0.0,0.5,0.2,0.4,0.4,0.14,1.0,0.19,40
1041639,1,0.02,0.09,0.05,0.8,0.2,0.0,0.12,1.0,0.19,100
1042701,1,1.0,0.0,0.45,0.0,1.0,0.0,0.12,1.0,0.22,100
1043330,1,0.05,0.0,0.0,1.0,0.0,0.0,0.07,1.0,0.33,100
1043363,1,0.47,0.0,0.0,1.0,0.0,0.0,0.06,1.0,0.19,100
1051402,0,0.22,0.12,0.0,1.0,0.0,0.0,0.18,1.0,0.52,0
1051403,0,0.05,0.05,0.0,1.0,0.0,0.0,0.11,1.0,0.26,100
1051405,0,0.01,0.0,0.0,1.0,0.0,0.0,0.12,1.0,0.19,100
1051410,0,0.04,0.19,0.0,1.0,0.0,0.0,0.1,1.0,0.19,100
1051421,0,0.21,0.0,0.0,1.0,0.0,0.0,0.2,1.0,0.85,52
1051425,1,0.04,0.0,0.0,1.0,0.0,0.0,0.11,1.0,0.26,100
1051438,1,0.01,0.42,0.15,0.4,0.6,0.0,0.13,1.0,0.26,40
1051439,1,0.29,0.0,0.0,0.8,0.2,0.0,0.1,1.0,0.19,100
1051443,0,0.92,0.21,0.0,1.0,0.0,0.0,0.07,1.0,0.26,100
1051444,0,0.5,0.12,0.0,1.0,0.0,0.0,0.18,0.6,0.26,100
1051453,0,0.6,0.0,0.15,0.4,0.6,0.0,0.07,1.0,0.19,100
1051455,1,0.02,0.0,0.1,0.4,0.6,0.0,0.08,1.0,0.19,100
1051502,1,0.03,0.0,0.0,1.0,0.0,0.0,0.08,1.0,0.19,100
1051503,1,0.46,0.0,0.0,1.0,0.0,0.0,0.07,1.0,0.33,100
1051507,1,0.04,0.0,0.0,1.0,0.0,0.0,0.09,1.0,0.19,100
1051528,0,0.01,0.0,0.0,1.0,0.0,0.0,0.07,1.0,0.19,100
1051533,0,0.04,0.0,0.0,1.0,0.0,0.0,0.1,1.0,0.19,100
1051535,0,0.12,0.0,0.0,1.0,0.0,0.0,0.07,1.0,0.19,100
1051539,0,0.07,0.0,0.0,1.0,0.0,0.0,0.16,1.0,0.19,100
1051540,1,0.01,0.0,0.0,1.0,0.0,0.0,0.1,1.0,0.19,100
1051542,1,0.09,0.0,0.0,1.0,0.0,0.0,0.06,1.0,0.19,100
1051544,0,0.38,0.0,0.0,1.0,0.0,0.0,0.09,1.0,0.37,100
1051546,0,0.09,0.0,0.1,0.6,0.4,0.0,0.15,1.0,0.85,100
1051548,0,0.08,0.0,0.3,0.2,0.8,0.0,0.11,1.0,0.33,100
1053316,0,0.36,0.0,0.0,1.0,0.0,0.0,0.12,1.0,0.19,100
1053321,1,0.47,0.0,0.2,0.2,0.8,0.0,0.1,1.0,0.19,100
1053324,1,0.13,0.0,0.0,1.0,0.0,0.0,0.12,1.0,0.19,36
1053329,0,0.45,0.0,0.0,1.0,0.0,0.0,0.12,1.0,0.26,100
1053330,1,0.11,0.0,0.0,1.0,0.0,0.0,0.11,1.0,0.19,100
1053333,0,0.04,0.0,0.0,1.0,0.0,0.0,0.08,1.0,0.19,100
1053339,0,1.0,0.0,0.0,1.0,0.0,0.0,0.08,1.0,0.19,96
1053348,0,0.3,0.0,0.0,1.0,0.0,0.0,0.07,1.0,0.19,100
1013319,1,0.06,0.0,0.35,0.6,0.2,0.2,0.73,1.0,0.78,100
1021412,1,0.73,0.0,0.0,1.0,0.0,0.0,0.35,1.0,0.19,100
1021435,1,0.23,0.02,0.75,0.2,0.2,0.6,0.46,1.0,1.0,100
1021520,1,0.79,0.02,0.65,0.2,0.2,0.6,0.18,1.0,0.56,100
1021521,0,0.01,0.0,0.0,1.0,0.0,0.0,0.39,1.0,0.26,100
1031444,1,0.09,0.19,1.0,0.0,0.0,1.0,0.2,1.0,0.48,100
1041225,1,0.86,0.0,0.35,0.2,0.6,0.2,0.57,1.0,0.33,100
1041416,0,0.72,0.0,0.0,1.0,0.0,0.0,0.41,1.0,0.19,100
1041445,0,0.54,0.0,0.0,1.0,0.0,0.0,0.4,1.0,0.41,100
1041449,0,0.07,0.0,0.45,0.4,0.2,0.4,0.65,1.0,0.33,100
1041563,1,1.0,0.0,0.8,0.2,0.0,0.8,0.29,1.0,0.26,48
1042701,1,0.64,0.0,0.55,0.0,0.6,0.4,0.4,1.0,0.56,100
1043363,1,0.64,0.0,0.0,1.0,0.0,0.0,0.25,1.0,0.19,100
1051402,0,1.0,0.0,0.2,0.75,0.0,0.25,0.58,0.8,1.0,100
1051403,0,0.51,0.07,0.0,1.0,0.0,0.0,0.46,0.6,0.52,100
1051405,0,0.01,0.0,0.2,0.6,0.4,0.0,0.52,1.0,0.85,80
1051410,0,0.07,0.0,0.0,1.0,0.0,0.0,0.31,1.0,0.41,100
1051419,0,0.25,0.07,0.8,0.2,0.0,0.8,0.26,1.0,0.33,8
1051421,0,0.56,0.0,0.3,0.6,0.2,0.2,0.43,1.0,0.63,100
1051425,1,0.01,0.0,0.15,0.4,0.6,0.0,0.45,1.0,0.33,100
1051438,1,0.12,0.0,0.25,0.4,0.6,0.0,0.69,1.0,0.48,0
1051443,0,0.33,0.0,0.0,1.0,0.0,0.0,0.31,1.0,0.19,36
1051453,0,0.05,0.0,0.35,0.0,1.0,0.0,0.3,1.0,0.26,48
1051455,1,0.01,0.0,1.0,0.0,0.0,1.0,0.41,1.0,0.74,100
1051502,1,0.02,0.0,0.4,0.6,0.0,0.4,0.29,1.0,0.81,100
1051507,1,0.05,0.0,0.0,1.0,0.0,0.0,0.26,1.0,0.19,96
1051540,1,0.02,0.0,0.05,0.8,0.2,0.0,0.15,1.0,0.33,100
1051542,1,0.01,0.0,0.4,0.4,0.2,0.4,0.43,1.0,0.52,100
1051544,0,1.0,0.0,0.0,0.8,0.2,0.0,0.09,1.0,0.26,100
1051545,1,0.15,0.0,0.45,0.4,0.2,0.4,0.69,1.0,0.78,100
1051546,0,0.07,0.0,0.05,0.8,0.2,0.0,0.25,1.0,0.19,100
1053316,0,0.96,0.0,0.0,1.0,0.0,0.0,0.41,1.0,0.48,100
1053324,1,0.09,0.0,0.2,0.2,0.8,0.0,0.74,1.0,0.81,100
1053329,0,0.15,0.0,0.0,1.0,0.0,0.0,0.35,1.0,0.19,100
1053330,1,0.01,0.0,0.45,0.0,0.5,0.5,0.49,0.4,0.19,100
1053339,0,0.05,0.0,0.05,0.8,0.2,0.0,0.4,1.0,0.52,100
1053348,0,0.09,0.0,0.0,1.0,0.0,0.0,0.21,1.0,0.26,36
1013319,1,0.08,0.0,0.8,0.2,0.0,0.8,0.42,1.0,0.52,100
1021330,0,0.29,1.0,0.45,0.4,0.2,0.4,0.21,1.0,0.37,88
1021435,1,0.2,0.0,1.0,0.0,0.0,1.0,0.06,1.0,0.85,100
1021520,1,0.18,0.4,0.45,0.0,0.8,0.2,0.09,1.0,0.19,52
1023317,0,0.01,0.0,0.2,0.6,0.4,0.0,0.14,1.0,0.33,32
1031430,0,0.01,0.0,0.0,1.0,0.0,0.0,0.29,1.0,0.19,56
1031444,1,0.15,0.77,1.0,0.0,0.0,1.0,0.16,1.0,0.7,52
1033362,0,1.0,0.72,1.0,0.0,0.0,1.0,0.35,1.0,0.26,36
1041225,1,0.19,0.0,0.35,0.0,1.0,0.0,0.25,1.0,0.33,100
1041416,0,0.28,0.0,0.0,1.0,0.0,0.0,0.09,1.0,0.19,100
1041449,0,0.02,0.51,0.2,0.2,0.8,0.0,0.1,1.0,0.19,100
1041463,1,1.0,0.0,0.2,0.5,0.5,0.0,1.0,0.4,1.0,48
1041563,1,0.97,0.0,0.6,0.4,0.0,0.6,0.2,1.0,0.33,84
1041639,1,0.15,1.0,0.15,0.5,0.5,0.0,0.15,0.4,0.41,100
1042701,1,0.21,0.0,0.65,0.2,0.2,0.6,0.44,1.0,0.63,32
1043363,1,0.6,0.0,0.0,1.0,0.0,0.0,0.28,1.0,0.52,52
1051402,0,1.0,0.0,0.2,0.8,0.0,0.2,0.34,1.0,0.26,100
1051403,0,0.21,0.77,0.0,1.0,0.0,0.0,0.1,1.0,0.26,100
1051405,0,0.01,0.0,0.1,0.8,0.2,0.0,0.14,1.0,0.52,96
1051410,0,0.27,1.0,0.0,1.0,0.0,0.0,0.41,1.0,1.0,100
1051415,0,0.12,1.0,1.0,0.0,0.0,1.0,0.25,1.0,0.78,100
1051417,1,1.0,0.0,1.0,0.0,0.0,1.0,0.27,1.0,0.48,100
1051421,0,0.62,0.0,0.15,0.4,0.6,0.0,0.08,1.0,0.22,100
1051425,1,0.35,0.0,0.6,0.4,0.0,0.6,0.3,1.0,0.52,24
1051438,1,0.57,0.0,0.1,0.6,0.4,0.0,0.07,1.0,0.19,100
1051439,1,0.01,0.0,0.05,0.8,0.2,0.0,0.3,1.0,0.41,36
1051443,0,0.47,0.44,1.0,0.0,0.0,1.0,0.44,1.0,0.41,100
1051444,0,1.0,0.72,0.8,0.0,0.0,1.0,0.13,0.6,0.37,0
1051453,0,0.29,1.0,0.65,0.2,0.2,0.6,0.49,1.0,0.52,32
1051455,1,0.01,0.0,0.0,1.0,0.0,0.0,0.11,1.0,0.26,96
1051502,1,0.01,0.0,1.0,0.0,0.0,1.0,0.04,1.0,0.56,100
1051503,1,1.0,0.0,0.45,0.2,0.6,0.2,0.06,1.0,0.26,88
1051507,1,0.02,1.0,0.0,1.0,0.0,0.0,0.16,1.0,0.19,100
1051515,1,0.09,0.72,0.35,0.0,1.0,0.0,0.28,1.0,0.33,100
1051528,0,0.05,0.0,0.15,0.4,0.6,0.0,0.25,1.0,0.52,52
1051535,0,0.02,1.0,1.0,0.0,0.0,1.0,0.38,1.0,0.33,84
1051540,1,0.01,0.0,0.2,0.2,0.8,0.0,0.29,1.0,0.19,52
1051542,1,0.01,0.72,1.0,0.0,0.0,1.0,0.04,1.0,0.48,100
1051544,0,1.0,0.0,0.4,0.4,0.2,0.4,0.43,1.0,0.81,60
1051545,1,0.05,0.0,1.0,0.0,0.0,1.0,0.17,1.0,0.19,100
1051546,0,0.4,0.0,0.2,1.0,0.0,0.0,0.21,0.4,0.19,52
1051548,0,0.19,0.58,1.0,0.0,0.0,1.0,0.08,1.0,0.19,100
1053316,0,0.96,0.0,0.2,0.8,0.0,0.2,0.29,1.0,0.7,100
1053321,1,0.75,0.0,0.2,0.2,0.8,0.0,0.26,1.0,0.26,100
1053324,1,0.44,0.0,0.0,1.0,0.0,0.0,0.09,1.0,0.26,100
1053329,0,0.26,0.77,0.0,1.0,0.0,0.0,0.34,1.0,0.19,100
1053330,1,0.01,0.0,0.2,0.0,1.0,0.0,0.15,0.2,0.22,48
1053339,0,0.02,0.0,0.6,0.4,0.0,0.6,0.4,1.0,0.26,52
1053348,0,0.58,0.0,0.0,1.0,0.0,0.0,0.19,1.0,0.44,100
1013319,1,0.17,0.0,0.0,1.0,0.0,0.0,0.11,1.0,0.19,36
1021412,1,0.7,0.0,0.0,1.0,0.0,0.0,0.29,1.0,0.19,100
1021435,1,0.15,0.0,1.0,0.0,0.0,1.0,0.05,1.0,0.78,16
1031430,0,0.04,0.0,0.0,1.0,0.0,0.0,0.09,1.0,0.19,84
1031444,1,1.0,0.0,1.0,0.0,0.0,1.0,0.04,1.0,0.63,80
1033362,0,0.64,0.0,1.0,0.0,0.0,1.0,0.32,1.0,0.19,20
1041445,0,0.13,1.0,1.0,0.0,0.0,1.0,0.75,1.0,0.19,84
1041449,0,0.01,1.0,1.0,0.0,0.0,1.0,0.04,1.0,0.19,84
1041463,1,0.36,0.86,0.1,1.0,0.0,0.0,1.0,0.2,1.0,80
1041563,1,1.0,0.33,1.0,0.0,0.0,1.0,0.38,1.0,0.52,16
1041639,1,0.06,0.0,0.45,0.4,0.2,0.4,0.45,1.0,0.44,88
1042701,1,0.77,0.0,1.0,0.0,0.0,1.0,0.27,1.0,1.0,100
1043363,1,0.54,0.0,0.2,0.0,1.0,0.0,1.0,0.2,0.33,84
1051405,0,0.02,0.0,0.05,0.8,0.2,0.0,0.32,1.0,0.19,100
1051415,0,0.04,0.44,1.0,0.0,0.0,1.0,0.13,1.0,0.26,88
1051417,1,0.2,0.0,1.0,0.0,0.0,1.0,0.55,1.0,0.19,60
1051425,1,0.01,0.0,0.65,0.2,0.2,0.6,0.31,1.0,0.63,84
1051438,1,0.81,0.0,0.8,0.2,0.0,0.8,0.78,1.0,0.19,84
1051439,1,0.09,0.0,0.05,0.8,0.2,0.0,0.31,1.0,0.26,28
1051443,0,0.41,0.05,1.0,0.0,0.0,1.0,0.25,1.0,0.19,100
1051444,0,1.0,0.7,1.0,0.0,0.0,1.0,0.2,1.0,0.26,0
1051453,0,0.23,0.0,1.0,0.0,0.0,1.0,0.15,1.0,0.56,60
1051455,1,0.01,0.0,0.0,1.0,0.0,0.0,0.16,1.0,0.19,100
1051502,1,0.01,0.0,1.0,0.0,0.0,1.0,0.05,1.0,0.48,100
1051503,1,1.0,1.0,1.0,0.0,0.0,1.0,0.8,1.0,0.56,16
1051515,1,0.59,0.0,0.8,0.0,0.2,0.8,0.17,1.0,0.56,36
1051528,0,0.01,0.0,1.0,0.0,0.0,1.0,0.2,1.0,0.26,36
1051535,0,0.25,0.0,1.0,0.0,0.0,1.0,0.21,1.0,0.26,96
1051540,1,0.04,0.0,0.65,0.2,0.2,0.6,0.96,1.0,0.3,84
1051542,1,0.08,0.0,1.0,0.0,0.0,1.0,0.04,1.0,0.48,84
1051544,0,0.65,0.0,0.85,0.0,0.2,0.8,0.5,1.0,0.48,84
1051545,1,0.1,0.0,1.0,0.0,0.0,1.0,0.17,1.0,0.19,100
1051546,0,0.88,0.0,0.45,0.2,0.6,0.2,1.0,1.0,0.33,100
1051548,0,0.04,0.0,1.0,0.0,0.0,1.0,0.07,1.0,0.41,84
1053316,0,0.88,0.0,1.0,0.0,0.0,1.0,0.49,1.0,0.56,44
1053321,1,0.29,0.0,1.0,0.0,0.0,1.0,0.05,1.0,0.56,84
1053329,0,0.2,0.0,0.8,0.2,0.0,0.8,0.33,1.0,0.19,28
1053333,0,0.02,0.0,0.8,0.2,0.0,0.8,0.35,1.0,0.26,24
1053348,0,0.4,0.0,0.0,0.8,0.2,0.0,0.32,1.0,0.19,28
1013319,1,0.71,0.0,1.0,0.0,0.0,1.0,0.07,1.0,0.19,100
1021330,0,0.58,1.0,1.0,0.0,0.0,1.0,0.43,1.0,0.33,4
1021412,1,1.0,0.12,1.0,0.0,0.0,1.0,0.12,1.0,0.19,100
1021520,1,0.5,1.0,1.0,0.0,0.0,1.0,0.14,1.0,0.48,96
1031444,1,1.0,1.0,1.0,0.0,0.0,1.0,0.08,1.0,0.19,92
1033362,0,0.01,0.0,1.0,0.0,0.0,1.0,0.06,1.0,0.19,4
1041225,1,1.0,0.0,0.0,1.0,0.0,0.0,1.0,1.0,0.44,0
1041449,0,0.01,1.0,1.0,0.0,0.0,1.0,0.24,1.0,0.19,100
1041563,1,1.0,1.0,1.0,0.0,0.0,1.0,0.49,1.0,0.19,4
1041639,1,1.0,0.95,1.0,0.0,0.0,1.0,0.06,1.0,0.19,64
1042701,1,1.0,0.0,1.0,0.0,0.0,1.0,0.15,1.0,0.33,84
1043363,1,0.53,0.09,0.0,1.0,0.0,0.0,0.36,1.0,0.19,88
1051403,0,1.0,1.0,1.0,0.0,0.0,1.0,0.05,1.0,0.33,100
1051410,0,0.06,0.0,1.0,0.0,0.0,1.0,0.04,1.0,0.26,36
1051415,0,0.1,1.0,1.0,0.0,0.0,1.0,0.14,1.0,0.19,100
1051421,0,1.0,1.0,1.0,0.0,0.0,1.0,0.03,1.0,0.19,0
1051439,1,0.89,0.0,1.0,0.0,0.0,1.0,0.08,1.0,0.26,0
1051443,0,1.0,0.0,0.8,0.2,0.0,0.8,0.26,1.0,0.33,96
1051444,0,1.0,1.0,1.0,0.0,0.0,1.0,0.04,1.0,0.19,0
1051453,0,0.39,1.0,1.0,0.0,0.0,1.0,0.02,1.0,0.19,88
1051455,1,0.03,0.0,1.0,0.0,0.0,1.0,0.62,1.0,0.19,100
1051502,1,0.44,1.0,1.0,0.0,0.0,1.0,0.03,1.0,0.33,60
1051503,1,1.0,0.0,1.0,0.0,0.0,1.0,0.23,1.0,0.33,68
1051507,1,0.22,0.0,0.0,1.0,0.0,0.0,0.36,1.0,0.19,100
1051515,1,0.02,0.0,1.0,0.0,0.0,1.0,0.28,1.0,0.19,100
1051528,0,1.0,1.0,0.8,0.2,0.0,0.8,0.39,1.0,0.26,100
1051535,0,0.16,0.0,0.7,0.0,0.4,0.6,0.43,1.0,0.33,100
1051540,1,0.06,0.0,0.4,0.2,0.8,0.0,0.2,1.0,0.19,100
1051542,1,1.0,0.0,1.0,0.0,0.0,1.0,0.04,1.0,0.19,96
1051545,1,0.31,0.0,1.0,0.0,0.0,1.0,0.03,1.0,0.19,16
1051546,0,1.0,1.0,1.0,0.0,0.0,1.0,1.0,1.0,0.19,96
1053315,1,0.73,1.0,1.0,0.0,0.0,1.0,0.04,1.0,0.33,56
1053316,0,0.57,0.0,0.0,1.0,0.0,0.0,0.15,1.0,0.19,24
1053321,1,0.51,1.0,1.0,0.0,0.0,1.0,0.02,1.0,0.19,0
1053329,0,0.18,0.0,0.4,0.0,0.0,1.0,0.03,0.4,0.19,60
1053330,1,1.0,1.0,1.0,0.0,0.0,1.0,0.08,1.0,0.19,20
1053339,0,0.7,1.0,0.8,0.2,0.0,0.8,0.14,1.0,0.19,0
1053348,0,1.0,0.0,0.2,0.67,0.0,0.33,1.0,0.6,0.33,72
1031444,0,0.01,0.0,0.6,0.4,0.0,0.6,0.24,1.0,0.74,100
1031530,0,0.06,0.0,0.0,1.0,0.0,0.0,0.14,1.0,0.19,100
1041225,0,0.02,0.0,0.0,1.0,0.0,0.0,0.18,1.0,0.26,100
1041413,0,0.07,0.0,0.0,1.0,0.0,0.0,0.11,1.0,0.19,100
1041470,0,0.06,0.0,0.0,1.0,0.0,0.0,0.07,1.0,0.26,100
1041571,0,0.04,0.0,0.0,1.0,0.0,0.0,0.41,1.0,1.0,56
1043321,0,0.04,0.0,0.0,1.0,0.0,0.0,0.27,1.0,0.63,100
1043369,0,0.07,0.0,0.0,1.0,0.0,0.0,0.11,1.0,0.33,100
1050758,0,0.02,0.0,0.0,1.0,0.0,0.0,0.12,1.0,0.26,100
1051417,0,0.11,0.0,0.2,0.8,0.0,0.2,0.31,1.0,0.78,100
1051444,0,0.02,0.0,0.2,0.8,0.0,0.2,0.17,1.0,0.59,92
1051503,0,0.05,0.0,0.0,1.0,0.0,0.0,0.12,1.0,0.19,100
1051558,0,0.01,0.0,0.0,1.0,0.0,0.0,0.05,1.0,0.19,100
1061402,0,0.02,0.0,0.0,1.0,0.0,0.0,0.07,1.0,0.19,100
1061403,0,0.04,0.0,0.0,1.0,0.0,0.0,0.16,1.0,0.33,100
1061410,0,0.22,0.0,0.0,1.0,0.0,0.0,0.08,1.0,0.26,100
1061413,0,0.03,0.0,0.0,1.0,0.0,0.0,0.08,0.8,0.19,100
1061414,0,0.03,0.0,0.0,1.0,0.0,0.0,0.08,1.0,0.19,100
1061415,0,0.02,0.0,0.0,1.0,0.0,0.0,0.1,1.0,0.26,100
1061418,0,0.29,0.0,0.0,1.0,0.0,0.0,0.09,1.0,0.19,100
1061421,0,0.1,0.0,0.0,1.0,0.0,0.0,0.29,1.0,0.7,100
1061424,0,0.02,0.0,0.0,1.0,0.0,0.0,0.1,1.0,0.19,88
1061430,0,0.02,0.0,1.0,0.0,0.0,1.0,0.26,1.0,0.93,100
1061431,0,0.05,0.0,0.0,1.0,0.0,0.0,0.07,1.0,0.26,100
1061438,0,0.04,0.0,0.0,1.0,0.0,0.0,0.11,1.0,0.19,100
1061443,0,0.01,0.0,0.0,1.0,0.0,0.0,0.11,1.0,0.26,100
1061444,0,0.03,0.0,0.4,0.6,0.0,0.4,0.39,1.0,1.0,92
1061447,0,0.04,0.0,0.0,1.0,0.0,0.0,0.31,1.0,0.44,100
1061449,0,0.46,0.0,0.0,1.0,0.0,0.0,0.07,1.0,0.19,100
1061511,0,0.04,0.0,0.0,1.0,0.0,0.0,0.14,1.0,0.19,100
1061514,0,0.06,0.0,0.0,1.0,0.0,0.0,0.09,1.0,0.33,100
1061525,0,0.03,0.0,0.0,1.0,0.0,0.0,0.1,1.0,0.26,100
1061539,0,0.09,0.0,0.0,1.0,0.0,0.0,0.3,1.0,0.74,100
1061545,0,0.03,0.0,0.0,1.0,0.0,0.0,0.12,1.0,0.33,100
1063301,0,0.09,0.0,0.0,1.0,0.0,0.0,0.14,1.0,0.33,100
1063303,0,0.04,0.51,0.4,0.5,0.0,0.5,0.4,1.0,0.3,80
1063308,0,0.12,0.37,0.6,0.0,0.8,0.2,0.33,1.0,1.0,56
1063313,0,0.16,0.0,0.4,0.6,0.0,0.4,0.29,1.0,0.3,56
1063316,0,0.05,0.0,0.05,0.75,0.25,0.0,0.11,1.0,0.26,100
1063323,0,0.04,0.0,0.0,1.0,0.0,0.0,0.2,1.0,0.56,100
1063327,0,0.03,0.0,0.15,0.8,0.2,0.0,0.24,1.0,0.7,100
1063331,0,0.03,0.0,0.0,1.0,0.0,0.0,0.14,1.0,0.26,100
1063336,0,0.04,0.0,0.2,0.8,0.0,0.2,0.38,1.0,1.0,96
1063338,0,0.04,0.0,0.0,1.0,0.0,0.0,0.38,1.0,0.63,88
1063339,0,0.16,1.0,0.0,1.0,0.0,0.0,0.2,1.0,0.33,100
1063344,0,0.02,0.0,0.1,0.8,0.2,0.0,0.29,1.0,0.48,100
1063345,0,0.04,0.0,0.0,1.0,0.0,0.0,0.06,1.0,0.19,100
1031530,0,0.08,0.0,0.1,0.6,0.4,0.0,0.43,1.0,0.85,100
1041225,0,0.02,0.0,0.0,1.0,0.0,0.0,0.04,1.0,0.19,40
1041413,0,0.04,0.0,0.0,1.0,0.0,0.0,0.1,1.0,0.19,100
1041470,1,0.02,0.0,0.0,1.0,0.0,0.0,0.06,1.0,0.19,100
1041563,1,0.01,0.0,0.2,0.75,0.0,0.25,0.1,1.0,0.19,100
1043321,0,0.02,0.0,0.0,1.0,0.0,0.0,0.31,1.0,0.63,60
1043369,0,0.11,0.0,0.0,1.0,0.0,0.0,0.16,1.0,0.19,100
1050758,0,0.02,0.21,0.1,0.75,0.25,0.0,0.18,1.0,0.44,100
1051417,0,0.09,0.0,0.0,1.0,0.0,0.0,0.1,1.0,0.19,100
1051444,0,0.02,0.0,0.4,0.6,0.0,0.4,0.19,1.0,0.74,100
1051449,1,0.03,0.0,1.0,0.0,0.0,1.0,0.12,1.0,0.19,100
1051503,0,0.23,0.0,0.0,1.0,0.0,0.0,0.1,1.0,0.19,100
1051558,1,0.02,0.0,0.0,1.0,0.0,0.0,0.11,1.0,0.19,100
1061402,1,0.01,0.0,0.0,1.0,0.0,0.0,0.06,1.0,0.19,100
1061403,1,0.02,0.0,0.0,1.0,0.0,0.0,0.11,1.0,0.3,100
1061410,1,0.05,0.0,0.0,1.0,0.0,0.0,0.08,1.0,0.26,100
1061413,1,0.06,0.0,0.0,1.0,0.0,0.0,0.15,1.0,0.33,100
1061414,1,0.02,0.0,0.0,1.0,0.0,0.0,0.09,1.0,0.26,84
1061415,1,0.02,0.0,0.0,1.0,0.0,0.0,0.05,1.0,0.19,100
1061421,0,0.06,0.0,0.0,1.0,0.0,0.0,0.11,1.0,0.19,100
1061424,1,0.03,0.0,0.8,0.2,0.0,0.8,0.36,1.0,1.0,100
1061425,1,0.01,0.0,0.0,1.0,0.0,0.0,0.39,1.0,0.93,100
1061427,0,0.04,0.0,0.0,1.0,0.0,0.0,0.24,1.0,0.89,100
1061431,0,0.02,0.0,0.0,1.0,0.0,0.0,0.16,1.0,0.59,100
1061434,1,0.03,0.0,0.0,1.0,0.0,0.0,0.04,1.0,0.15,100
1061438,1,0.03,0.0,0.0,1.0,0.0,0.0,0.22,1.0,0.56,100
1061443,1,0.01,0.0,0.1,0.8,0.2,0.0,0.11,1.0,0.26,100
1061444,0,0.02,0.0,0.65,0.0,0.25,0.75,0.23,1.0,0.67,100
1061447,1,0.02,0.0,0.0,1.0,0.0,0.0,0.29,1.0,0.74,92
1061449,1,0.04,0.0,0.2,0.8,0.0,0.2,0.23,1.0,0.44,100
1061511,0,0.03,0.0,0.0,1.0,0.0,0.0,0.34,1.0,0.67,100
1061514,0,0.01,0.0,0.2,0.8,0.0,0.2,0.26,1.0,1.0,100
1061522,1,0.02,0.0,0.25,0.0,1.0,0.0,0.14,1.0,0.26,100
1061539,1,0.02,0.0,0.0,1.0,0.0,0.0,0.08,1.0,0.19,96
1061540,0,0.03,0.0,0.0,1.0,0.0,0.0,0.1,1.0,0.19,100
1061545,1,0.01,1.0,0.0,1.0,0.0,0.0,0.4,1.0,1.0,20
1063301,1,0.03,0.0,0.0,1.0,0.0,0.0,0.23,1.0,0.48,100
1063303,0,0.08,0.0,0.45,0.4,0.2,0.4,0.17,1.0,0.3,100
1063313,0,0.26,0.0,0.8,0.2,0.0,0.8,0.09,1.0,0.44,100
1063314,0,0.03,0.0,0.0,1.0,0.0,0.0,0.16,1.0,0.37,100
1063316,0,0.02,0.0,0.2,0.8,0.0,0.2,0.19,1.0,0.52,100
1063323,1,0.14,0.0,0.0,1.0,0.0,0.0,0.08,1.0,0.19,100
1063327,1,0.01,0.0,0.0,1.0,0.0,0.0,0.11,1.0,0.26,100
1063329,0,0.04,0.0,0.0,1.0,0.0,0.0,0.12,1.0,0.19,100
1063330,0,0.01,0.0,0.35,0.6,0.2,0.2,0.15,1.0,0.19,0
1063331,0,0.02,0.0,0.0,1.0,0.0,0.0,0.08,1.0,0.19,100
1063336,0,0.02,0.0,0.0,1.0,0.0,0.0,0.07,1.0,0.19,92
1063338,0,0.02,0.0,0.0,1.0,0.0,0.0,0.16,1.0,0.19,100
1063339,0,0.77,0.07,0.0,1.0,0.0,0.0,0.19,1.0,0.41,100
1063344,1,0.01,0.0,0.0,1.0,0.0,0.0,0.17,1.0,0.33,100
1031444,1,0.01,0.0,0.6,0.4,0.0,0.6,0.06,1.0,0.19,96
1041225,0,0.01,0.0,0.0,1.0,0.0,0.0,0.04,1.0,0.19,100
1041413,0,0.02,0.0,0.0,1.0,0.0,0.0,0.14,1.0,0.19,100
1041470,1,0.01,0.0,0.0,1.0,0.0,0.0,0.08,1.0,0.26,100
1041563,1,0.01,0.0,0.8,0.2,0.0,0.8,0.16,1.0,0.26,100
1041571,1,0.02,0.0,0.0,1.0,0.0,0.0,0.49,1.0,0.59,92
1043306,0,0.02,0.0,0.2,0.8,0.0,0.2,0.56,1.0,0.48,100
1043321,0,0.01,0.0,0.0,1.0,0.0,0.0,0.29,1.0,0.52,100
1043362,1,0.46,0.0,0.15,0.8,0.2,0.0,0.52,1.0,0.19,0
1043369,0,0.27,0.0,0.0,1.0,0.0,0.0,0.09,1.0,0.19,100
1050758,0,0.01,0.0,0.0,1.0,0.0,0.0,0.2,1.0,0.26,100
1051417,0,0.03,0.0,1.0,0.0,0.0,1.0,0.45,1.0,1.0,100
1051444,0,0.01,0.0,0.4,0.6,0.0,0.4,0.15,1.0,0.26,100
1051449,1,0.09,0.0,0.5,0.2,0.4,0.4,0.39,1.0,0.33,100
1051558,1,0.01,0.0,0.15,0.8,0.2,0.0,0.19,1.0,0.19,0
1052429,0,0.81,0.0,0.2,0.8,0.0,0.2,0.1,1.0,0.56,100
1061402,1,0.01,0.0,0.0,1.0,0.0,0.0,0.08,1.0,0.19,76
1061403,1,0.02,0.0,0.0,1.0,0.0,0.0,0.06,1.0,0.19,100
1061410,1,0.05,0.0,0.0,1.0,0.0,0.0,0.07,1.0,0.19,100
1061413,1,0.03,0.0,0.0,1.0,0.0,0.0,0.31,1.0,0.81,100
1061414,1,0.02,0.0,0.15,0.8,0.2,0.0,0.12,1.0,0.19,100
1061415,1,0.02,0.0,0.0,1.0,0.0,0.0,0.08,1.0,0.19,100
1061418,0,0.42,0.0,0.0,1.0,0.0,0.0,0.18,1.0,0.19,100
1061421,0,0.04,0.0,0.0,1.0,0.0,0.0,0.24,1.0,0.19,100
1061424,1,0.04,0.0,0.4,0.6,0.0,0.4,0.16,1.0,0.52,100
1061427,0,0.06,0.0,0.0,1.0,0.0,0.0,0.24,1.0,0.19,84
1061431,0,0.07,0.0,0.0,1.0,0.0,0.0,0.08,1.0,0.19,100
1061438,1,0.01,0.0,0.15,0.8,0.2,0.0,0.5,1.0,0.48,88
1061443,1,0.01,0.0,0.2,0.8,0.0,0.2,0.28,1.0,0.33,100
1061444,0,0.01,0.0,0.4,0.5,0.0,0.5,0.29,1.0,0.59,96
1061449,1,0.02,0.0,0.0,1.0,0.0,0.0,0.29,1.0,0.19,100
1061514,0,0.02,0.0,0.2,0.8,0.0,0.2,0.14,1.0,0.19,100
1061525,1,0.01,0.0,0.2,0.8,0.0,0.2,0.29,1.0,0.19,40
1061529,1,0.04,0.0,0.0,1.0,0.0,0.0,0.17,1.0,0.19,0
1061539,1,0.03,0.0,0.6,0.4,0.0,0.6,0.58,1.0,1.0,100
1061545,1,0.01,0.0,0.0,1.0,0.0,0.0,0.07,1.0,0.19,100
1063301,1,0.08,0.0,0.15,0.8,0.2,0.0,0.6,1.0,0.56,100
1063303,0,0.04,0.0,0.45,0.0,0.75,0.25,0.21,1.0,0.33,4
1063313,0,1.0,0.0,1.0,0.0,0.0,1.0,0.1,1.0,0.33,100
1063314,0,0.02,0.0,0.0,1.0,0.0,0.0,0.12,1.0,0.19,100
1063316,0,0.01,0.0,0.2,0.8,0.0,0.2,0.21,1.0,0.63,100
1063323,1,0.02,0.0,0.0,1.0,0.0,0.0,0.17,1.0,0.19,100
1063327,1,0.01,0.0,0.0,1.0,0.0,0.0,0.03,1.0,0.19,100
1063329,0,0.02,0.0,0.0,1.0,0.0,0.0,0.19,1.0,0.19,100
1063330,0,0.11,0.0,0.95,0.0,0.2,0.8,0.69,1.0,0.48,100
1063331,0,0.01,0.0,0.0,1.0,0.0,0.0,0.27,1.0,0.26,80
1063336,0,0.04,0.0,0.0,1.0,0.0,0.0,0.04,1.0,0.19,40
1063338,0,0.02,0.0,0.0,1.0,0.0,0.0,0.26,1.0,0.33,96
1063339,0,0.03,0.0,0.0,1.0,0.0,0.0,0.1,1.0,0.19,100
1063344,1,0.02,0.16,0.2,0.8,0.0,0.2,0.29,1.0,0.19,0
1041225,0,0.01,0.0,0.0,1.0,0.0,0.0,0.17,1.0,0.19,100
1041413,0,0.08,0.0,0.0,1.0,0.0,0.0,0.07,1.0,0.19,96
1041470,1,0.04,0.0,0.15,0.8,0.2,0.0,0.29,1.0,0.44,100
1041563,1,0.03,0.0,0.85,0.0,0.2,0.8,0.67,1.0,0.26,96
1043306,0,0.02,0.12,1.0,0.0,0.0,1.0,0.38,1.0,0.56,92
1043321,0,0.03,0.0,1.0,0.0,0.0,1.0,0.54,1.0,1.0,100
1043362,1,0.1,0.0,0.15,0.8,0.2,0.0,0.29,1.0,0.48,100
1043369,0,0.03,0.0,0.0,1.0,0.0,0.0,0.02,1.0,0.19,100
1050758,0,0.01,0.0,0.2,0.8,0.0,0.2,0.34,1.0,0.19,100
1051417,0,0.01,0.07,1.0,0.0,0.0,1.0,0.27,1.0,0.41,100
1051444,0,0.02,0.0,0.6,0.4,0.0,0.6,0.08,1.0,0.19,100
1051449,1,0.04,0.0,0.6,0.4,0.0,0.6,0.52,1.0,0.26,100
1051503,0,0.41,0.0,1.0,0.0,0.0,1.0,0.41,1.0,0.33,100
1051558,1,0.13,0.0,1.0,0.0,0.0,1.0,0.27,1.0,0.26,96
1052429,0,0.53,0.0,0.6,0.2,0.4,0.4,0.66,1.0,0.19,100
1061402,1,0.02,0.0,0.15,0.8,0.2,0.0,0.45,1.0,0.52,100
1061403,1,0.27,0.0,0.8,0.2,0.0,0.8,0.56,1.0,0.26,100
1061404,1,0.42,0.47,0.15,0.8,0.2,0.0,0.63,1.0,1.0,100
1061413,1,0.01,0.0,1.0,0.0,0.0,1.0,0.27,1.0,0.19,100
1061414,1,0.02,0.0,0.8,0.2,0.0,0.8,0.3,1.0,0.33,100
1061415,1,0.01,1.0,0.35,0.6,0.2,0.2,0.46,1.0,0.7,100
1061418,0,0.48,1.0,0.0,1.0,0.0,0.0,0.74,1.0,0.44,100
1061421,0,0.05,1.0,0.35,0.6,0.2,0.2,0.58,1.0,0.19,100
1061431,0,0.03,0.0,0.0,1.0,0.0,0.0,0.32,1.0,0.26,92
1061438,1,0.1,0.0,0.3,0.2,0.8,0.0,0.3,1.0,0.26,100
1061443,1,0.04,0.0,0.95,0.0,0.2,0.8,0.65,1.0,0.48,100
1061444,0,0.02,0.0,0.1,0.75,0.25,0.0,0.07,1.0,0.7,100
1061449,1,1.0,0.0,0.8,0.2,0.0,0.8,0.87,1.0,0.41,100
1061525,1,0.04,1.0,0.25,0.6,0.2,0.2,0.39,1.0,0.33,100
1061529,1,0.01,0.0,0.0,1.0,0.0,0.0,0.13,1.0,0.19,100
1061545,1,0.04,1.0,0.2,0.8,0.0,0.2,0.75,1.0,0.52,100
1063303,0,0.06,0.05,0.35,0.2,0.6,0.2,0.32,1.0,0.48,100
1063311,0,0.05,0.0,0.0,1.0,0.0,0.0,0.05,1.0,0.26,100
1063313,0,0.61,0.0,1.0,0.0,0.0,1.0,0.12,1.0,0.19,100
1063314,0,0.05,0.0,0.15,0.8,0.2,0.0,0.09,1.0,0.22,100
1063316,0,0.02,0.0,0.2,0.8,0.0,0.2,0.15,1.0,0.19,28
1063323,1,0.04,0.0,0.2,0.8,0.0,0.2,0.6,1.0,1.0,100
1063329,0,0.07,1.0,0.0,1.0,0.0,0.0,0.44,1.0,0.52,100
1063330,0,0.18,0.0,0.35,0.2,0.6,0.2,0.44,1.0,0.59,100
1063336,0,0.07,1.0,0.4,0.6,0.0,0.4,0.38,1.0,0.22,100
1063338,0,0.01,1.0,0.0,1.0,0.0,0.0,0.78,1.0,0.96,100
1063339,0,0.5,1.0,0.0,1.0,0.0,0.0,0.47,1.0,0.19,100
1063344,1,0.02,0.0,0.35,0.6,0.2,0.2,0.51,1.0,0.19,96
1031444,1,0.01,0.0,0.75,0.2,0.2,0.6,0.2,1.0,0.33,100
1041413,0,0.01,0.0,0.0,1.0,0.0,0.0,0.06,1.0,0.19,36
1041470,1,0.02,0.0,0.4,0.6,0.0,0.4,0.73,1.0,1.0,100
1043306,0,0.02,0.0,1.0,0.0,0.0,1.0,0.19,1.0,0.19,60
1043362,1,0.5,0.0,0.2,0.6,0.4,0.0,0.35,1.0,0.56,100
1043369,0,0.01,0.0,1.0,0.0,0.0,1.0,0.04,1.0,0.26,100
1051417,0,0.01,0.0,1.0,0.0,0.0,1.0,0.25,1.0,0.41,100
1051444,0,0.02,0.0,1.0,0.0,0.0,1.0,0.32,1.0,0.19,96
1051503,0,0.06,0.0,1.0,0.0,0.0,1.0,0.34,1.0,0.41,96
1051558,1,0.01,0.0,1.0,0.0,0.0,1.0,0.41,1.0,0.19,96
1061402,1,0.02,0.0,0.3,0.6,0.4,0.0,0.35,1.0,0.26,100
1061403,1,0.02,0.0,0.6,0.2,0.4,0.4,0.53,1.0,0.19,100
1061410,1,0.34,0.0,0.6,0.4,0.0,0.6,0.11,1.0,0.19,100
1061413,1,0.01,0.0,1.0,0.0,0.0,1.0,0.29,1.0,0.19,60
1061414,1,0.02,0.0,0.75,0.2,0.2,0.6,0.26,1.0,0.19,100
1061418,0,0.28,0.0,0.85,0.0,0.2,0.8,0.3,1.0,0.26,100
1061425,1,0.54,0.0,0.8,0.2,0.0,0.8,0.72,1.0,1.0,96
1061430,1,0.05,1.0,1.0,0.0,0.0,1.0,0.29,1.0,0.26,100
1061431,0,0.08,0.0,0.8,0.2,0.0,0.8,0.26,1.0,0.19,100
1061438,1,0.01,0.0,0.6,0.2,0.4,0.4,0.57,1.0,0.26,100
1061443,1,0.03,0.0,0.6,0.4,0.0,0.6,0.74,1.0,0.44,100
1061444,0,0.12,0.0,0.3,0.4,0.6,0.0,0.25,1.0,0.89,36
1061511,0,0.02,0.0,1.0,0.0,0.0,1.0,0.82,1.0,1.0,84
1061525,1,0.05,0.0,0.6,0.4,0.0,0.6,0.52,1.0,0.26,100
1061529,1,0.02,0.0,0.35,0.6,0.2,0.2,0.64,1.0,0.19,100
1061539,1,0.02,0.0,0.4,0.6,0.0,0.4,0.68,1.0,0.81,100
1061545,1,0.02,0.0,0.15,0.8,0.2,0.0,0.41,1.0,0.33,100
1063303,0,0.04,0.0,0.8,0.2,0.0,0.8,0.45,1.0,0.3,100
1063311,0,0.01,1.0,1.0,0.0,0.0,1.0,0.04,1.0,0.19,100
1063313,0,0.22,0.0,1.0,0.0,0.0,1.0,0.57,1.0,0.26,100
1063314,0,0.02,0.0,0.05,0.75,0.25,0.0,0.13,1.0,0.26,100
1063316,0,0.02,0.0,0.4,0.6,0.0,0.4,0.63,1.0,0.52,52
1063323,1,0.02,0.0,0.4,0.4,0.4,0.2,0.52,1.0,1.0,100
1063327,1,0.01,0.0,0.6,0.4,0.0,0.6,0.14,1.0,0.19,52
1063336,0,0.13,0.0,1.0,0.0,0.0,1.0,0.04,1.0,0.19,96
1063338,0,0.04,1.0,0.0,1.0,0.0,0.0,0.55,1.0,0.22,72
1063339,0,0.05,0.0,0.0,1.0,0.0,0.0,0.46,1.0,0.19,100
1063344,1,0.01,0.0,0.8,0.2,0.0,0.8,0.65,1.0,0.19,100
1063345,0,0.03,0.0,1.0,0.0,0.0,1.0,0.51,1.0,0.59,96
1031444,0,0.01,0.0,1.0,0.0,0.0,1.0,0.15,1.0,0.56,100
1041470,0,0.01,0.0,0.3,0.6,0.2,0.2,0.54,1.0,0.7,40
1041563,0,0.01,0.0,1.0,0.0,0.0,1.0,0.13,1.0,0.19,100
1043321,0,0.01,0.0,1.0,0.0,0.0,1.0,0.18,1.0,0.19,96
1043362,0,0.03,0.0,0.0,1.0,0.0,0.0,0.35,1.0,0.37,100
1043369,0,0.02,0.0,0.5,0.2,0.4,0.4,0.38,1.0,0.26,100
1050758,0,0.01,0.0,0.6,0.4,0.0,0.6,0.49,1.0,0.63,80
1051417,0,0.02,1.0,1.0,0.0,0.0,1.0,0.6,1.0,0.19,44
1051444,0,0.02,0.0,1.0,0.0,0.0,1.0,0.2,1.0,0.19,100
1051449,0,0.02,0.0,1.0,0.0,0.0,1.0,0.43,1.0,0.33,84
1051503,0,1.0,0.0,1.0,0.0,0.0,1.0,0.33,1.0,0.63,92
1051558,0,0.01,0.0,1.0,0.0,0.0,1.0,0.07,1.0,0.26,96
1052429,0,0.51,1.0,1.0,0.0,0.0,1.0,0.53,1.0,0.63,88
1061402,0,0.88,0.0,0.0,1.0,0.0,0.0,0.23,1.0,0.19,72
1061403,0,0.02,0.0,1.0,0.0,0.0,1.0,0.33,1.0,0.33,96
1061410,0,0.01,0.0,1.0,0.0,0.0,1.0,0.04,1.0,0.26,96
1061413,0,0.01,0.0,1.0,0.0,0.0,1.0,0.06,1.0,0.19,100
1061415,0,1.0,1.0,1.0,0.0,0.0,1.0,0.41,1.0,0.19,100
1061418,0,0.06,0.14,0.55,0.0,0.8,0.2,0.63,1.0,0.33,96
1061421,0,0.02,0.0,1.0,0.0,0.0,1.0,0.05,1.0,0.19,60
1061424,0,0.01,0.0,1.0,0.0,0.0,1.0,0.04,1.0,0.26,92
1061425,0,0.01,0.0,1.0,0.0,0.0,1.0,0.22,1.0,0.26,40
1061430,0,0.01,0.0,1.0,0.0,0.0,1.0,0.04,1.0,0.19,44
1061431,0,0.02,0.0,1.0,0.0,0.0,1.0,0.22,1.0,0.48,96
1061434,0,0.01,0.0,0.75,0.0,0.6,0.4,0.66,1.0,0.85,100
1061438,0,0.06,0.0,1.0,0.0,0.0,1.0,0.1,1.0,0.19,92
1061443,0,0.04,0.0,1.0,0.0,0.0,1.0,0.09,1.0,0.26,88
1061444,0,0.09,1.0,1.0,0.0,0.0,1.0,0.28,1.0,0.63,76
1061447,0,0.01,1.0,1.0,0.0,0.0,1.0,0.5,1.0,0.26,68
1061449,0,0.12,0.0,1.0,0.0,0.0,1.0,0.4,1.0,0.41,84
1061511,0,0.96,0.0,1.0,0.0,0.0,1.0,0.07,1.0,0.19,96
1061514,0,0.01,0.0,1.0,0.0,0.0,1.0,0.46,1.0,0.33,100
1061525,0,0.01,0.0,0.8,0.2,0.0,0.8,0.36,1.0,0.26,100
1061539,0,0.01,1.0,0.8,0.2,0.0,0.8,0.83,1.0,0.19,96
1061540,0,0.02,0.0,1.0,0.0,0.0,1.0,0.47,1.0,0.19,96
1061545,0,0.44,0.0,1.0,0.0,0.0,1.0,0.33,1.0,0.19,100
1063311,0,0.01,1.0,1.0,0.0,0.0,1.0,0.26,1.0,0.19,0
1063313,0,1.0,0.0,1.0,0.0,0.0,1.0,0.28,1.0,0.26,88
1063314,0,0.01,0.0,0.6,0.25,0.0,0.75,0.2,1.0,0.56,100
1063316,0,0.05,1.0,0.4,0.6,0.0,0.4,0.65,1.0,0.56,100
1063323,0,0.02,0.0,0.0,1.0,0.0,0.0,0.59,1.0,0.33,100
1063327,0,0.02,0.0,0.0,1.0,0.0,0.0,0.03,1.0,0.19,40
1063329,0,0.04,1.0,1.0,0.0,0.0,1.0,0.61,1.0,0.48,100
1063330,0,0.13,1.0,1.0,0.0,0.0,1.0,0.59,1.0,0.3,84
1063331,0,0.01,0.0,1.0,0.0,0.0,1.0,0.33,1.0,0.85,84
1063339,0,0.32,0.0,0.8,0.2,0.0,0.8,0.58,1.0,0.7,100
1063344,0,0.01,0.0,0.8,0.0,0.0,1.0,0.75,1.0,0.52,100
1031444,0,0.01,0.0,0.2,0.75,0.0,0.25,0.14,1.0,0.26,100
1031530,0,0.06,0.0,0.0,1.0,0.0,0.0,0.17,1.0,0.11,68
1041225,0,0.02,0.0,0.15,0.8,0.2,0.0,0.14,1.0,0.15,68
1041413,0,0.07,0.0,0.0,1.0,0.0,0.0,0.14,1.0,0.11,92
1041470,0,0.06,0.0,0.0,1.0,0.0,0.0,0.13,1.0,0.41,100
1041571,0,0.04,0.0,0.0,1.0,0.0,0.0,0.07,1.0,0.04,84
1043321,0,0.04,0.0,0.0,1.0,0.0,0.0,0.15,1.0,0.15,100
1043369,0,0.07,0.0,0.0,1.0,0.0,0.0,0.09,1.0,0.11,100
1050758,0,0.02,0.0,0.0,1.0,0.0,0.0,0.11,1.0,0.07,100
1051417,0,0.11,0.0,0.0,1.0,0.0,0.0,0.13,1.0,0.11,68
1051444,0,0.02,0.0,0.4,0.4,0.4,0.2,0.16,1.0,0.26,100
1051503,0,0.05,0.0,0.0,1.0,0.0,0.0,0.08,0.6,0.11,100
1051558,0,0.01,0.0,0.0,1.0,0.0,0.0,0.13,1.0,0.15,100
1061402,0,0.02,0.0,0.0,1.0,0.0,0.0,0.1,1.0,0.15,100
1061403,0,0.04,0.0,0.0,1.0,0.0,0.0,0.35,1.0,0.3,100
1061410,0,0.22,0.0,0.0,1.0,0.0,0.0,0.11,0.8,0.22,68
1061413,0,0.03,0.0,0.0,1.0,0.0,0.0,0.11,1.0,0.15,100
1061414,0,0.03,0.0,0.0,1.0,0.0,0.0,0.13,1.0,0.15,100
1061415,0,0.02,0.0,0.0,1.0,0.0,0.0,0.09,1.0,0.15,92
1061418,0,0.29,0.0,0.0,1.0,0.0,0.0,0.11,1.0,0.11,68
1061421,0,0.1,0.0,0.0,1.0,0.0,0.0,0.14,1.0,0.15,88
1061424,0,0.02,0.0,0.0,1.0,0.0,0.0,0.13,1.0,0.11,100
1061430,0,0.02,0.0,1.0,0.0,0.0,1.0,0.04,1.0,0.22,96
1061431,0,0.05,0.0,0.0,1.0,0.0,0.0,0.11,1.0,0.15,100
1061438,0,0.04,0.0,0.0,1.0,0.0,0.0,0.12,1.0,0.15,100
1061443,0,0.01,0.0,0.0,1.0,0.0,0.0,0.1,1.0,0.15,100
1061444,0,0.03,0.0,0.0,1.0,0.0,0.0,0.12,1.0,0.37,68
1061447,0,0.04,0.0,0.0,1.0,0.0,0.0,0.19,1.0,0.11,100
1061449,0,0.46,0.0,0.0,1.0,0.0,0.0,0.09,1.0,0.15,36
1061511,0,0.04,0.0,0.0,1.0,0.0,0.0,0.22,1.0,0.3,100
1061514,0,0.06,0.0,0.0,1.0,0.0,0.0,0.1,1.0,0.07,100
1061525,0,0.03,0.0,0.0,1.0,0.0,0.0,0.15,1.0,0.11,68
1061539,0,0.09,0.0,0.0,1.0,0.0,0.0,0.24,1.0,0.07,68
1061545,0,0.03,0.0,0.0,1.0,0.0,0.0,0.11,1.0,0.07,92
1063301,0,0.09,0.0,0.0,1.0,0.0,0.0,0.23,1.0,0.15,100
1063303,0,0.04,0.51,0.7,0.2,0.2,0.6,0.22,1.0,0.37,80
1063308,0,0.12,0.37,0.0,1.0,0.0,0.0,0.1,1.0,0.11,100
1063313,0,0.16,0.0,1.0,0.0,0.0,1.0,0.16,1.0,0.15,100
1063316,0,0.05,0.0,0.05,0.75,0.25,0.0,0.11,0.8,0.19,100
1063323,0,0.04,0.0,0.0,1.0,0.0,0.0,0.3,1.0,0.15,100
1063327,0,0.03,0.0,0.0,1.0,0.0,0.0,0.11,1.0,0.07,100
1063331,0,0.03,0.0,0.0,1.0,0.0,0.0,0.14,1.0,0.15,92
1063336,0,0.04,0.0,0.0,1.0,0.0,0.0,0.1,1.0,0.15,100
1063338,0,0.04,0.0,0.0,1.0,0.0,0.0,0.07,0.6,0.11,92
1063339,0,0.16,1.0,0.0,1.0,0.0,0.0,0.12,1.0,0.11,68
1063344,0,0.02,0.0,0.0,1.0,0.0,0.0,0.16,1.0,0.11,100
1063345,0,0.04,0.0,0.0,1.0,0.0,0.0,0.15,1.0,0.15,84
1031530,0,0.08,0.0,0.0,1.0,0.0,0.0,0.14,1.0,0.15,100
1041225,0,0.02,0.0,0.0,1.0,0.0,0.0,0.11,1.0,0.22,100
1041413,0,0.04,0.0,0.0,1.0,0.0,0.0,0.14,1.0,0.15,100
1041470,1,0.02,0.0,0.0,1.0,0.0,0.0,0.1,1.0,0.15,0
1041563,1,0.01,0.0,0.0,1.0,0.0,0.0,0.09,1.0,0.15,100
1043321,0,0.02,0.0,0.0,1.0,0.0,0.0,0.2,1.0,0.48,52
1043369,0,0.11,0.0,0.0,1.0,0.0,0.0,0.13,1.0,0.15,100
1050758,0,0.02,0.21,0.0,1.0,0.0,0.0,0.1,1.0,0.15,100
1051417,0,0.09,0.0,0.0,1.0,0.0,0.0,0.1,1.0,0.15,96
1051444,0,0.02,0.0,0.2,0.75,0.0,0.25,0.1,1.0,0.11,100
1051449,1,0.03,0.0,0.25,0.5,0.25,0.25,0.17,1.0,0.15,100
1051503,0,0.23,0.0,0.0,1.0,0.0,0.0,0.08,1.0,0.15,100
1051558,1,0.02,0.0,0.0,1.0,0.0,0.0,0.14,1.0,0.48,100
1061402,1,0.01,0.0,0.0,1.0,0.0,0.0,0.06,1.0,0.15,100
1061403,1,0.02,0.0,0.0,1.0,0.0,0.0,0.09,1.0,0.15,100
1061410,1,0.05,0.0,0.0,1.0,0.0,0.0,0.08,1.0,0.15,100
1061413,1,0.06,0.0,0.0,1.0,0.0,0.0,0.07,1.0,0.15,100
1061414,1,0.02,0.0,0.0,1.0,0.0,0.0,0.1,1.0,0.15,84
1061415,1,0.02,0.0,0.0,1.0,0.0,0.0,0.06,1.0,0.15,100
1061421,0,0.06,0.0,0.0,1.0,0.0,0.0,0.09,1.0,0.22,100
1061424,1,0.03,0.0,0.4,0.6,0.0,0.4,0.09,1.0,0.15,100
1061425,1,0.01,0.0,0.0,1.0,0.0,0.0,0.1,1.0,0.22,40
1061427,0,0.04,0.0,0.0,1.0,0.0,0.0,0.18,1.0,0.44,100
1061431,0,0.02,0.0,0.0,1.0,0.0,0.0,0.1,1.0,0.15,100
1061434,1,0.03,0.0,0.0,1.0,0.0,0.0,0.11,1.0,0.41,100
1061438,1,0.03,0.0,0.0,1.0,0.0,0.0,0.08,1.0,0.15,100
1061443,1,0.01,0.0,0.0,1.0,0.0,0.0,0.06,1.0,0.15,100
1061444,0,0.02,0.0,0.2,0.8,0.0,0.2,0.18,1.0,0.44,100
1061447,1,0.02,0.0,0.0,1.0,0.0,0.0,0.09,1.0,0.15,100
1061449,1,0.04,0.0,0.0,1.0,0.0,0.0,0.14,1.0,0.15,100
1061511,0,0.03,0.0,0.0,1.0,0.0,0.0,0.14,1.0,0.15,100
1061514,0,0.01,0.0,0.2,0.8,0.0,0.2,0.07,1.0,0.15,100
1061522,1,0.02,0.0,0.15,0.25,0.75,0.0,0.08,1.0,0.22,100
1061539,1,0.02,0.0,0.0,1.0,0.0,0.0,0.13,1.0,0.15,100
1061540,0,0.03,0.0,0.0,1.0,0.0,0.0,0.14,1.0,0.15,100
1061545,1,0.01,1.0,0.0,1.0,0.0,0.0,0.05,1.0,0.15,100
1063301,1,0.03,0.0,0.0,1.0,0.0,0.0,0.12,1.0,0.15,100
1063303,0,0.08,0.0,0.2,0.75,0.0,0.25,0.12,1.0,0.15,76
1063313,0,0.26,0.0,1.0,0.0,0.0,1.0,0.12,1.0,0.15,100
1063314,0,0.03,0.0,0.0,1.0,0.0,0.0,0.08,1.0,0.11,100
1063316,0,0.02,0.0,0.0,1.0,0.0,0.0,0.11,1.0,0.15,100
1063323,1,0.14,0.0,0.0,1.0,0.0,0.0,0.09,1.0,0.15,100
1063327,1,0.01,0.0,0.0,1.0,0.0,0.0,0.09,1.0,0.15,100
1063329,0,0.04,0.0,0.0,1.0,0.0,0.0,0.09,1.0,0.15,100
1063330,0,0.01,0.0,0.2,0.8,0.0,0.2,0.22,1.0,0.48,0
1063331,0,0.02,0.0,0.0,1.0,0.0,0.0,0.09,1.0,0.15,80
1063336,0,0.02,0.0,0.0,1.0,0.0,0.0,0.14,1.0,0.48,100
1063338,0,0.02,0.0,0.0,1.0,0.0,0.0,0.17,1.0,0.48,100
1063339,0,0.77,0.07,0.0,1.0,0.0,0.0,0.09,1.0,0.15,88
1063344,1,0.01,0.0,0.0,1.0,0.0,0.0,0.09,1.0,0.15,100
1031444,1,0.01,0.0,1.0,0.0,0.0,1.0,0.21,1.0,0.74,40
1041225,0,0.01,0.0,0.0,1.0,0.0,0.0,0.38,1.0,0.22,100
1041413,0,0.02,0.0,0.0,1.0,0.0,0.0,0.67,0.8,0.59,100
1041470,1,0.01,0.0,0.0,1.0,0.0,0.0,0.62,1.0,1.0,100
1041563,1,0.01,0.0,1.0,0.0,0.0,1.0,0.21,1.0,0.19,100
1041571,1,0.02,0.0,0.2,0.8,0.0,0.2,0.33,0.0,0.15,92
1043306,0,0.02,0.0,0.8,0.2,0.0,0.8,0.08,1.0,0.15,88
1043321,0,0.01,0.0,0.35,0.6,0.2,0.2,0.58,0.8,0.7,100
1043362,1,0.46,0.0,0.0,1.0,0.0,0.0,0.29,0.4,0.07,100
1043369,0,0.27,0.0,0.0,1.0,0.0,0.0,0.44,1.0,0.93,100
1050758,0,0.01,0.0,0.0,1.0,0.0,0.0,0.36,1.0,0.15,100
1051417,0,0.03,0.0,1.0,0.0,0.0,1.0,0.13,1.0,0.15,100
1051444,0,0.01,0.0,0.8,0.2,0.0,0.8,0.56,1.0,0.15,40
1051449,1,0.09,0.0,1.0,0.0,0.0,1.0,0.34,1.0,0.15,100
1051558,1,0.01,0.0,0.35,0.6,0.2,0.2,0.57,0.4,0.63,100
1052429,0,0.81,0.0,0.2,0.8,0.0,0.2,0.55,1.0,0.48,100
1061402,1,0.01,0.0,0.0,1.0,0.0,0.0,0.18,1.0,0.22,100
1061403,1,0.02,0.0,0.0,1.0,0.0,0.0,0.61,1.0,1.0,80
1061410,1,0.05,0.0,0.0,1.0,0.0,0.0,0.3,1.0,0.48,100
1061413,1,0.03,0.0,0.15,0.8,0.2,0.0,0.46,1.0,0.96,100
1061414,1,0.02,0.0,0.2,0.8,0.0,0.2,0.26,1.0,0.15,100
1061415,1,0.02,0.0,0.15,0.8,0.2,0.0,0.53,1.0,0.74,100
1061418,0,0.42,0.0,0.0,1.0,0.0,0.0,0.33,1.0,0.44,100
1061421,0,0.04,0.0,0.0,1.0,0.0,0.0,0.51,0.4,0.48,0
1061424,1,0.04,0.0,0.0,1.0,0.0,0.0,0.24,1.0,0.15,100
1061427,0,0.06,0.0,0.0,1.0,0.0,0.0,0.42,1.0,0.15,40
1061431,0,0.07,0.0,0.0,1.0,0.0,0.0,0.28,1.0,0.22,100
1061438,1,0.01,0.0,0.15,0.25,0.75,0.0,0.33,0.8,0.19,100
1061443,1,0.01,0.0,0.0,1.0,0.0,0.0,0.25,1.0,0.15,100
1061444,0,0.01,0.0,0.7,0.0,0.25,0.75,0.4,1.0,0.59,92
1061449,1,0.02,0.0,0.2,0.8,0.0,0.2,0.51,0.4,0.37,76
1061514,0,0.02,0.0,0.35,0.2,0.6,0.2,0.44,1.0,0.96,100
1061525,1,0.01,0.0,0.0,1.0,0.0,0.0,0.63,1.0,0.89,100
1061529,1,0.04,0.0,0.0,1.0,0.0,0.0,0.4,1.0,0.15,48
1061539,1,0.03,0.0,0.2,0.8,0.0,0.2,0.16,0.2,0.37,88
1061545,1,0.01,0.0,0.15,0.8,0.2,0.0,0.52,1.0,0.74,40
1063301,1,0.08,0.0,0.0,1.0,0.0,0.0,0.0,0.2,0.04,100
1063303,0,0.04,0.0,0.65,0.2,0.2,0.6,0.4,1.0,0.26,100
1063313,0,1.0,0.0,1.0,0.0,0.0,1.0,0.27,1.0,0.22,100
1063314,0,0.02,0.0,0.2,0.8,0.0,0.2,0.55,1.0,1.0,36
1063316,0,0.01,0.0,0.2,0.8,0.0,0.2,0.18,1.0,0.48,100
1063323,1,0.02,0.0,0.2,0.8,0.0,0.2,0.44,1.0,0.15,100
1063327,1,0.01,0.0,0.0,1.0,0.0,0.0,0.29,1.0,0.63,88
1063329,0,0.02,0.0,0.0,1.0,0.0,0.0,0.29,1.0,0.15,100
1063330,0,0.11,0.0,0.4,0.33,0.0,0.67,0.19,0.4,0.07,40
1063331,0,0.01,0.0,0.0,1.0,0.0,0.0,0.37,1.0,0.52,16
1063336,0,0.04,0.0,0.6,0.4,0.0,0.6,0.72,1.0,1.0,100
1063338,0,0.02,0.0,0.0,1.0,0.0,0.0,0.65,0.4,0.41,20
1063339,0,0.03,0.0,0.4,0.6,0.0,0.4,0.76,1.0,1.0,88
1063344,1,0.02,0.16,0.4,0.6,0.0,0.4,0.5,1.0,0.48,100
1041225,0,0.01,0.0,0.0,1.0,0.0,0.0,0.26,1.0,0.22,100
1041413,0,0.08,0.0,0.05,0.8,0.2,0.0,0.41,0.2,0.44,52
1041470,1,0.04,0.0,0.4,0.6,0.0,0.4,0.6,1.0,0.78,100
1041563,1,0.03,0.0,0.75,0.2,0.2,0.6,0.23,0.6,0.37,100
1043306,0,0.02,0.12,1.0,0.0,0.0,1.0,0.12,1.0,0.15,52
1043321,0,0.03,0.0,0.6,0.4,0.0,0.6,0.39,0.6,0.41,52
1043362,1,0.1,0.0,0.15,0.8,0.2,0.0,0.41,1.0,0.81,100
1043369,0,0.03,0.0,0.0,1.0,0.0,0.0,0.31,1.0,0.15,36
1050758,0,0.01,0.0,0.6,0.2,0.4,0.4,0.14,1.0,0.85,100
1051417,0,0.01,0.07,1.0,0.0,0.0,1.0,0.16,1.0,0.15,100
1051444,0,0.02,0.0,0.4,0.6,0.0,0.4,0.13,1.0,0.26,52
1051449,1,0.04,0.0,0.6,0.4,0.0,0.6,0.4,0.8,0.3,100
1051503,0,0.41,0.0,1.0,0.0,0.0,1.0,0.21,1.0,0.37,96
1051558,1,0.13,0.0,0.8,0.2,0.0,0.8,0.19,1.0,0.15,52
1052429,0,0.53,0.0,1.0,0.0,0.0,1.0,0.09,1.0,0.15,52
1061402,1,0.02,0.0,0.0,1.0,0.0,0.0,0.14,1.0,0.22,44
1061403,1,0.27,0.0,0.85,0.0,0.4,0.6,0.35,0.8,0.52,52
1061404,1,0.42,0.47,0.0,1.0,0.0,0.0,0.15,1.0,0.15,100
1061413,1,0.01,0.0,1.0,0.0,0.0,1.0,0.35,1.0,0.22,100
1061414,1,0.02,0.0,0.55,0.2,0.6,0.2,0.3,1.0,0.33,52
1061415,1,0.01,1.0,0.1,0.8,0.2,0.0,0.47,0.2,0.89,100
1061418,0,0.48,1.0,0.05,0.75,0.25,0.0,0.23,0.4,0.26,52
1061421,0,0.05,1.0,0.1,0.5,0.5,0.0,0.28,0.6,0.19,100
1061431,0,0.03,0.0,0.0,1.0,0.0,0.0,0.46,0.4,0.56,52
1061438,1,0.1,0.0,0.2,0.0,1.0,0.0,0.15,1.0,0.15,96
1061443,1,0.04,0.0,0.7,0.2,0.2,0.6,0.24,0.6,0.41,100
1061444,0,0.02,0.0,0.1,0.75,0.25,0.0,0.12,1.0,0.56,96
1061449,1,1.0,0.0,0.15,0.0,1.0,0.0,0.01,0.0,0.0,48
1061525,1,0.04,1.0,0.45,0.4,0.2,0.4,0.44,0.6,1.0,52
1061529,1,0.01,0.0,0.0,1.0,0.0,0.0,0.14,1.0,0.15,100
1061545,1,0.04,1.0,0.15,0.67,0.33,0.0,0.2,0.4,0.07,100
1063303,0,0.06,0.05,0.25,0.5,0.25,0.25,0.13,1.0,0.48,100
1063311,0,0.05,0.0,1.0,0.0,0.0,1.0,0.3,1.0,0.48,100
1063313,0,0.61,0.0,1.0,0.0,0.0,1.0,0.17,1.0,0.15,92
1063314,0,0.05,0.0,0.0,1.0,0.0,0.0,0.2,1.0,0.15,100
1063316,0,0.02,0.0,0.2,0.8,0.0,0.2,0.26,1.0,0.15,100
1063323,1,0.04,0.0,0.0,1.0,0.0,0.0,0.2,1.0,0.15,52
1063329,0,0.07,1.0,0.0,1.0,0.0,0.0,0.04,1.0,0.15,60
1063330,0,0.18,0.0,0.35,0.0,1.0,0.0,0.35,1.0,0.3,100
1063336,0,0.07,1.0,0.2,0.6,0.4,0.0,0.46,1.0,0.48,96
1063338,0,0.01,1.0,0.0,1.0,0.0,0.0,0.12,1.0,0.26,32
1063339,0,0.5,1.0,0.0,1.0,0.0,0.0,0.3,1.0,0.48,100
1063344,1,0.02,0.0,0.0,1.0,0.0,0.0,0.09,1.0,0.22,96
1031444,1,0.01,0.0,0.85,0.0,0.2,0.8,0.42,1.0,0.78,84
1041413,0,0.01,0.0,0.0,1.0,0.0,0.0,0.0,0.2,0.04,88
1041470,1,0.02,0.0,0.7,0.2,0.2,0.6,0.15,0.6,0.26,60
1043306,0,0.02,0.0,1.0,0.0,0.0,1.0,0.15,1.0,0.15,56
1043362,1,0.5,0.0,0.0,1.0,0.0,0.0,0.34,1.0,0.48,100
1043369,0,0.01,0.0,0.2,0.75,0.0,0.25,0.51,0.8,0.48,100
1051417,0,0.01,0.0,1.0,0.0,0.0,1.0,0.28,1.0,0.22,44
1051444,0,0.02,0.0,0.8,0.2,0.0,0.8,0.27,0.8,0.15,92
1051503,0,0.06,0.0,1.0,0.0,0.0,1.0,0.22,1.0,0.3,60
1051558,1,0.01,0.0,1.0,0.0,0.0,1.0,0.37,1.0,0.15,0
1061402,1,0.02,0.0,0.15,0.8,0.2,0.0,0.45,1.0,0.37,28
1061403,1,0.02,0.0,0.65,0.2,0.2,0.6,0.36,0.8,0.19,80
1061410,1,0.34,0.0,1.0,0.0,0.0,1.0,0.16,1.0,0.15,84
1061413,1,0.01,0.0,1.0,0.0,0.0,1.0,0.3,1.0,0.15,84
1061414,1,0.02,0.0,0.95,0.0,0.2,0.8,0.25,1.0,0.22,76
1061418,0,0.28,0.0,1.0,0.0,0.0,1.0,0.3,1.0,0.15,100
1061425,1,0.54,0.0,0.6,0.0,0.0,1.0,0.01,0.4,0.07,84
1061430,1,0.05,1.0,1.0,0.0,0.0,1.0,0.21,1.0,0.37,96
1061431,0,0.08,0.0,0.8,0.2,0.0,0.8,0.35,1.0,0.15,72
1061438,1,0.01,0.0,0.75,0.2,0.2,0.6,0.25,0.6,0.33,84
1061443,1,0.03,0.0,0.6,0.4,0.0,0.6,0.2,0.8,0.15,84
1061444,0,0.12,0.0,0.8,0.2,0.0,0.8,0.33,1.0,1.0,84
1061511,0,0.02,0.0,0.4,0.0,0.0,1.0,0.01,0.2,0.04,4
1061525,1,0.05,0.0,0.6,0.4,0.0,0.6,0.22,1.0,0.15,84
1061529,1,0.02,0.0,0.15,0.75,0.25,0.0,0.29,0.2,0.11,84
1061539,1,0.02,0.0,0.15,0.5,0.5,0.0,0.21,0.2,0.04,92
1061545,1,0.02,0.0,0.3,0.6,0.4,0.0,0.43,1.0,0.15,100
1063303,0,0.04,0.0,0.6,0.25,0.0,0.75,0.41,0.4,0.3,88
1063311,0,0.01,1.0,1.0,0.0,0.0,1.0,0.93,1.0,0.33,84
1063313,0,0.22,0.0,1.0,0.0,0.0,1.0,0.3,1.0,0.37,56
1063314,0,0.02,0.0,0.0,1.0,0.0,0.0,0.42,1.0,0.15,100
1063316,0,0.02,0.0,0.2,0.0,0.0,1.0,0.16,0.0,0.0,76
1063323,1,0.02,0.0,0.0,1.0,0.0,0.0,0.33,1.0,0.15,76
1063327,1,0.01,0.0,1.0,0.0,0.0,1.0,0.32,1.0,0.15,84
1063336,0,0.13,0.0,1.0,0.0,0.0,1.0,0.53,1.0,0.15,28
1063338,0,0.04,1.0,0.0,1.0,0.0,0.0,0.24,0.8,0.15,60
1063339,0,0.05,0.0,0.0,1.0,0.0,0.0,0.23,0.2,0.07,36
1063344,1,0.01,0.0,0.4,0.6,0.0,0.4,0.29,0.4,0.15,84
1063345,0,0.03,0.0,1.0,0.0,0.0,1.0,0.32,1.0,0.56,88
1031444,0,0.01,0.0,1.0,0.0,0.0,1.0,0.19,1.0,1.0,80
1041470,0,0.01,0.0,0.2,0.67,0.0,0.33,0.24,0.2,0.11,44
1041563,0,0.01,0.0,1.0,0.0,0.0,1.0,0.24,1.0,0.15,100
1043321,0,0.01,0.0,1.0,0.0,0.0,1.0,0.48,1.0,0.15,36
1043362,0,0.03,0.0,0.0,1.0,0.0,0.0,0.3,1.0,0.15,100
1043369,0,0.02,0.0,1.0,0.0,0.0,1.0,0.27,1.0,0.3,100
1050758,0,0.01,0.0,1.0,0.0,0.0,1.0,0.05,1.0,0.15,20
1051417,0,0.02,1.0,1.0,0.0,0.0,1.0,0.16,1.0,0.15,52
1051444,0,0.02,0.0,1.0,0.0,0.0,1.0,0.35,1.0,0.22,100
1051449,0,0.02,0.0,0.8,0.0,0.0,1.0,0.2,0.8,0.44,100
1051503,0,1.0,0.0,1.0,0.0,0.0,1.0,0.17,1.0,0.15,92
1051558,0,0.01,0.0,1.0,0.0,0.0,1.0,0.12,1.0,0.15,96
1052429,0,0.51,1.0,1.0,0.0,0.0,1.0,0.22,1.0,0.22,88
1061402,0,0.88,0.0,0.0,1.0,0.0,0.0,0.24,1.0,0.44,72
1061403,0,0.02,0.0,1.0,0.0,0.0,1.0,0.15,1.0,0.15,44
1061410,0,0.01,0.0,1.0,0.0,0.0,1.0,0.03,1.0,0.15,96
1061413,0,0.01,0.0,1.0,0.0,0.0,1.0,0.03,1.0,0.15,100
1061415,0,1.0,1.0,1.0,0.0,0.0,1.0,0.12,1.0,0.15,0
1061418,0,0.06,0.14,1.0,0.0,0.0,1.0,0.1,1.0,0.22,100
1061421,0,0.02,0.0,0.8,0.0,0.0,1.0,0.31,1.0,0.15,20
1061424,0,0.01,0.0,1.0,0.0,0.0,1.0,0.16,1.0,0.15,92
1061425,0,0.01,0.0,1.0,0.0,0.0,1.0,0.04,1.0,0.15,36
1061430,0,0.01,0.0,1.0,0.0,0.0,1.0,0.04,1.0,0.3,12
1061431,0,0.02,0.0,1.0,0.0,0.0,1.0,0.04,1.0,0.37,96
1061434,0,0.01,0.0,1.0,0.0,0.0,1.0,0.12,1.0,0.15,100
1061438,0,0.06,0.0,1.0,0.0,0.0,1.0,0.2,1.0,0.15,96
1061443,0,0.04,0.0,0.8,0.2,0.0,0.8,0.34,1.0,0.15,84
1061444,0,0.09,1.0,1.0,0.0,0.0,1.0,0.43,1.0,0.15,80
1061447,0,0.01,1.0,1.0,0.0,0.0,1.0,0.04,1.0,0.15,16
1061449,0,0.12,0.0,1.0,0.0,0.0,1.0,0.23,1.0,0.22,24
1061511,0,0.96,0.0,1.0,0.0,0.0,1.0,0.03,1.0,0.3,96
1061514,0,0.01,0.0,1.0,0.0,0.0,1.0,0.05,1.0,0.15,100
1061525,0,0.01,0.0,1.0,0.0,0.0,1.0,0.04,1.0,0.15,60
1061539,0,0.01,1.0,0.8,0.2,0.0,0.8,0.03,1.0,0.15,96
1061540,0,0.02,0.0,1.0,0.0,0.0,1.0,0.24,1.0,0.37,96
1061545,0,0.44,0.0,1.0,0.0,0.0,1.0,0.24,1.0,0.22,100
1063311,0,0.01,1.0,1.0,0.0,0.0,1.0,0.69,1.0,0.15,0
1063313,0,1.0,0.0,1.0,0.0,0.0,1.0,0.36,1.0,0.15,36
1063314,0,0.01,0.0,0.2,0.75,0.0,0.25,0.42,0.8,0.19,100
1063316,0,0.05,1.0,0.05,0.0,1.0,0.0,0.12,0.2,0.04,100
1063323,0,0.02,0.0,0.0,1.0,0.0,0.0,0.0,0.2,0.04,100
1063327,0,0.02,0.0,0.6,0.4,0.0,0.6,0.09,1.0,0.59,36
1063329,0,0.04,1.0,0.8,0.2,0.0,0.8,0.34,1.0,0.3,100
1063330,0,0.13,1.0,0.8,0.2,0.0,0.8,0.31,1.0,0.3,68
1063331,0,0.01,0.0,1.0,0.0,0.0,1.0,0.35,1.0,0.22,40
1063339,0,0.32,0.0,0.0,1.0,0.0,0.0,0.06,1.0,0.15,100
1063344,0,0.01,0.0,1.0,0.0,0.0,1.0,0.04,0.8,0.15,92
1041225,1,0.08,0.0,0.0,1.0,0.0,0.0,0.3,1.0,0.52,100
1041411,0,0.02,0.0,0.0,1.0,0.0,0.0,0.26,1.0,0.33,100
1042050,0,0.1,0.0,0.05,0.8,0.2,0.0,0.09,1.0,0.33,100
1042542,0,1.0,0.0,0.0,1.0,0.0,0.0,0.08,1.0,0.19,100
1051318,0,0.04,0.0,0.75,0.2,0.2,0.6,0.56,1.0,1.0,100
1051535,1,0.27,0.0,0.0,1.0,0.0,0.0,0.05,1.0,0.19,100
1051703,1,0.02,0.0,0.0,1.0,0.0,0.0,0.05,1.0,0.19,100
1051728,1,0.18,0.0,0.0,1.0,0.0,0.0,0.04,1.0,0.19,100
1053314,0,1.0,0.0,0.0,1.0,0.0,0.0,0.07,1.0,0.19,100
1053362,0,0.09,0.07,0.4,0.6,0.0,0.4,0.5,1.0,1.0,100
1061230,0,0.02,0.0,0.7,0.0,0.4,0.6,0.57,1.0,0.74,80
1061702,0,0.08,0.0,0.0,1.0,0.0,0.0,0.11,1.0,0.19,100
1061748,1,0.07,0.0,0.05,0.75,0.25,0.0,0.17,1.0,0.19,100
1061751,0,0.02,0.0,0.45,0.2,0.6,0.2,0.49,1.0,0.63,88
1071403,0,1.0,0.0,0.0,1.0,0.0,0.0,0.11,1.0,0.19,100
1071404,0,0.05,0.0,0.0,1.0,0.0,0.0,0.13,1.0,0.19,100
1071411,1,0.16,0.0,0.0,1.0,0.0,0.0,0.12,1.0,0.19,100
1071413,0,0.09,0.0,0.0,1.0,0.0,0.0,0.04,1.0,0.19,100
1071444,1,0.31,0.0,0.15,0.8,0.2,0.0,0.08,1.0,0.26,80
1071504,1,0.04,0.0,0.05,0.8,0.2,0.0,0.59,1.0,1.0,100
1071510,1,0.34,0.0,0.0,1.0,0.0,0.0,0.09,1.0,0.19,100
1071519,0,0.05,0.0,0.0,1.0,0.0,0.0,0.04,1.0,0.19,100
1071537,1,0.04,0.0,0.0,1.0,0.0,0.0,0.17,1.0,0.63,100
1071538,0,0.05,0.0,0.0,1.0,0.0,0.0,0.18,1.0,1.0,100
1073304,0,0.14,0.0,0.0,1.0,0.0,0.0,0.09,1.0,0.19,96
1073305,0,0.44,0.28,0.95,0.0,0.2,0.8,0.52,1.0,1.0,84
1073306,1,0.03,0.0,0.0,1.0,0.0,0.0,0.27,1.0,0.59,100
1073307,0,0.08,0.0,0.0,1.0,0.0,0.0,0.03,1.0,0.26,100
1073308,0,0.04,0.0,0.15,0.8,0.2,0.0,0.08,1.0,0.19,100
1073311,1,0.02,0.0,0.05,0.8,0.2,0.0,0.21,1.0,0.56,100
1073312,1,0.03,0.0,0.25,0.6,0.2,0.2,0.38,1.0,0.93,100
1073314,1,0.63,0.0,0.0,1.0,0.0,0.0,0.12,1.0,0.48,100
1073319,1,0.02,0.0,0.0,1.0,0.0,0.0,0.31,1.0,0.52,100
1073321,1,0.06,0.0,0.0,1.0,0.0,0.0,0.12,1.0,0.26,100
1073330,0,0.05,0.0,0.0,1.0,0.0,0.0,0.04,1.0,0.19,100
1073333,0,0.08,0.0,0.0,1.0,0.0,0.0,0.08,1.0,0.19,100
1073335,1,0.08,0.0,0.0,1.0,0.0,0.0,0.08,1.0,0.19,100
1073336,1,0.11,0.0,0.0,1.0,0.0,0.0,0.06,1.0,0.19,100
1073341,1,0.31,0.16,0.05,0.8,0.2,0.0,0.26,1.0,1.0,100
1073343,1,0.06,0.0,0.0,1.0,0.0,0.0,0.14,1.0,0.74,84
1041225,1,0.02,0.0,0.0,1.0,0.0,0.0,0.09,1.0,0.19,100
1042047,0,0.75,0.0,0.4,0.0,0.8,0.2,0.37,1.0,0.26,100
1042050,0,0.36,0.0,0.4,0.6,0.0,0.4,0.58,1.0,0.48,100
1042542,0,1.0,0.0,0.0,1.0,0.0,0.0,0.06,1.0,0.19,40
1051513,1,0.06,0.0,0.1,0.8,0.2,0.0,0.29,1.0,0.52,100
1051521,0,0.02,0.0,0.0,1.0,0.0,0.0,0.08,1.0,0.19,100
1051563,0,1.0,0.0,0.35,0.0,1.0,0.0,0.21,1.0,0.19,80
1051728,1,0.19,0.0,0.0,1.0,0.0,0.0,0.06,1.0,0.19,100
1053314,0,0.11,0.0,0.0,1.0,0.0,0.0,0.08,1.0,0.19,100
1053315,1,0.2,0.0,0.0,1.0,0.0,0.0,0.03,1.0,0.19,100
1053362,0,0.4,0.0,0.0,1.0,0.0,0.0,0.18,1.0,0.67,20
1060948,0,0.12,0.0,0.35,0.2,0.6,0.2,0.17,1.0,0.63,100
1061230,0,0.01,0.0,0.0,1.0,0.0,0.0,0.24,1.0,0.33,100
1061423,1,0.06,0.0,0.0,1.0,0.0,0.0,0.14,1.0,0.19,100
1061551,1,0.01,0.0,0.05,0.8,0.2,0.0,0.51,1.0,1.0,100
1061702,0,0.05,0.0,0.6,0.4,0.0,0.6,0.19,1.0,0.74,100
1061748,1,0.31,0.0,0.05,0.75,0.25,0.0,0.08,1.0,0.19,100
1061751,0,0.01,0.0,0.25,0.2,0.8,0.0,0.15,1.0,0.26,100
1063301,0,0.4,0.0,0.0,1.0,0.0,0.0,0.09,1.0,0.26,84
1063330,1,0.01,0.0,0.15,0.8,0.2,0.0,0.2,1.0,0.78,100
1071404,0,0.85,0.0,0.15,0.8,0.2,0.0,0.06,1.0,0.19,100
1071411,1,0.67,0.0,0.0,1.0,0.0,0.0,0.32,1.0,0.48,100
1071413,0,1.0,0.21,0.15,0.8,0.2,0.0,0.35,1.0,0.74,100
1071422,0,0.62,0.0,0.1,0.5,0.5,0.0,0.09,1.0,0.19,100
1071426,0,1.0,0.0,0.0,1.0,0.0,0.0,0.1,1.0,0.19,40
1071433,0,0.02,0.0,0.0,1.0,0.0,0.0,0.39,1.0,1.0,100
1071444,1,1.0,0.0,0.05,0.8,0.2,0.0,0.31,1.0,0.74,100
1071448,0,0.06,0.05,0.0,1.0,0.0,0.0,0.1,1.0,0.59,100
1071510,1,0.16,0.0,0.0,1.0,0.0,0.0,0.09,1.0,0.19,100
1071648,1,0.18,0.0,0.0,1.0,0.0,0.0,0.13,1.0,0.33,100
1073304,0,0.32,0.0,0.0,1.0,0.0,0.0,0.1,1.0,0.33,100
1073305,0,0.08,0.0,0.0,1.0,0.0,0.0,0.1,1.0,0.19,84
1073306,1,0.01,0.0,0.0,1.0,0.0,0.0,0.08,1.0,0.19,100
1073307,0,0.91,0.0,0.0,1.0,0.0,0.0,0.13,1.0,0.26,100
1073308,0,0.03,0.0,0.0,1.0,0.0,0.0,0.16,1.0,0.52,100
1073311,1,0.1,0.0,0.05,0.8,0.2,0.0,0.31,1.0,0.52,100
1073312,1,0.02,0.0,0.2,0.6,0.4,0.0,0.16,1.0,0.19,100
1073314,1,0.07,0.0,0.0,1.0,0.0,0.0,0.07,1.0,0.19,100
1073319,1,0.12,0.0,0.0,1.0,0.0,0.0,0.22,1.0,0.52,100
1073321,1,0.1,0.0,0.0,1.0,0.0,0.0,0.11,1.0,0.37,100
1073322,0,0.12,0.0,0.3,0.6,0.2,0.2,0.26,1.0,0.78,100
1073333,0,0.44,1.0,0.0,1.0,0.0,0.0,0.48,1.0,1.0,100
1073335,1,0.15,0.0,0.0,1.0,0.0,0.0,0.19,1.0,0.59,92
1073336,1,0.02,0.0,0.05,0.8,0.2,0.0,0.24,1.0,0.59,100
1073341,1,0.19,0.0,0.0,1.0,0.0,0.0,0.33,1.0,1.0,92
1041225,1,0.02,0.0,0.0,1.0,0.0,0.0,0.12,1.0,0.19,100
1041411,0,0.02,0.0,0.0,1.0,0.0,0.0,0.19,1.0,0.19,100
1042542,0,1.0,0.0,0.15,0.8,0.2,0.0,0.38,1.0,0.52,100
1051318,0,0.04,0.0,0.2,0.0,1.0,0.0,0.11,1.0,0.19,100
1051535,1,0.51,0.0,0.0,1.0,0.0,0.0,0.22,1.0,0.26,100
1051563,0,0.32,0.0,0.35,0.2,0.6,0.2,0.26,1.0,0.19,100
1051703,1,0.01,0.0,0.0,1.0,0.0,0.0,0.09,1.0,0.19,80
1051728,1,0.08,0.0,0.0,1.0,0.0,0.0,0.06,1.0,0.19,100
1053314,0,0.05,0.0,0.0,1.0,0.0,0.0,0.1,1.0,0.19,40
1053315,1,0.24,0.0,0.0,1.0,0.0,0.0,0.03,1.0,0.19,76
1053362,0,0.64,0.0,0.0,1.0,0.0,0.0,0.07,1.0,0.19,40
1060948,0,1.0,0.0,0.4,0.0,0.8,0.2,0.04,1.0,0.26,88
1061230,0,0.01,0.0,0.35,0.0,0.75,0.25,0.36,1.0,0.19,100
1061423,1,0.02,0.0,0.0,1.0,0.0,0.0,0.15,1.0,0.19,100
1061551,1,0.22,0.0,0.0,1.0,0.0,0.0,0.34,1.0,0.48,100
1061702,0,0.09,0.0,0.2,0.2,0.8,0.0,0.59,1.0,0.33,100
1061748,1,0.02,0.0,0.05,0.75,0.25,0.0,0.12,1.0,0.19,100
1061751,0,0.01,0.0,0.2,0.2,0.8,0.0,0.41,1.0,0.56,100
1063330,1,0.02,0.0,0.4,0.6,0.0,0.4,0.2,1.0,0.59,88
1071404,0,0.58,0.0,0.0,1.0,0.0,0.0,0.07,1.0,0.19,100
1071411,1,0.02,0.0,0.0,1.0,0.0,0.0,0.2,1.0,0.59,100
1071413,0,1.0,0.0,0.0,1.0,0.0,0.0,0.04,1.0,0.19,100
1071422,0,0.42,0.0,0.1,0.5,0.5,0.0,0.11,1.0,0.33,100
1071444,1,1.0,0.0,0.15,0.8,0.2,0.0,0.32,1.0,0.7,100
1071448,0,0.01,0.0,0.0,1.0,0.0,0.0,0.04,1.0,0.19,100
1071510,1,0.14,0.19,0.05,0.75,0.25,0.0,0.16,1.0,0.26,100
1071519,0,0.01,0.0,0.2,0.6,0.4,0.0,0.43,1.0,1.0,100
1071538,0,0.05,0.0,0.0,1.0,0.0,0.0,0.18,1.0,0.26,68
1071648,1,0.3,0.0,0.0,1.0,0.0,0.0,0.14,1.0,0.81,100
1073304,0,0.04,0.0,0.0,1.0,0.0,0.0,0.04,1.0,0.19,100
1073305,0,0.02,0.0,0.2,0.75,0.0,0.25,0.04,1.0,0.19,100
1073306,1,0.01,0.0,0.65,0.2,0.2,0.6,0.05,1.0,0.19,100
1073307,0,0.11,0.0,0.0,1.0,0.0,0.0,0.16,1.0,0.26,92
1073308,0,0.01,0.0,0.0,1.0,0.0,0.0,0.11,1.0,0.33,96
1073311,1,0.02,0.0,0.25,0.4,0.6,0.0,0.32,1.0,0.22,100
1073312,1,0.01,0.0,0.6,0.4,0.0,0.6,0.47,1.0,0.33,100
1073319,1,0.25,0.12,0.0,1.0,0.0,0.0,0.13,1.0,0.19,100
1073321,1,0.54,0.0,0.0,1.0,0.0,0.0,0.09,1.0,0.19,32
1073322,0,0.06,0.0,0.2,0.8,0.0,0.2,0.17,1.0,0.19,100
1073330,0,0.01,0.0,0.0,1.0,0.0,0.0,0.35,1.0,0.52,100
1073333,0,0.31,0.0,0.0,1.0,0.0,0.0,0.68,1.0,0.74,100
1073335,1,0.38,0.0,0.15,0.8,0.2,0.0,0.23,1.0,0.19,100
1073336,1,0.21,0.0,0.0,1.0,0.0,0.0,0.09,1.0,0.19,100
1073341,1,0.01,0.0,0.0,1.0,0.0,0.0,0.2,1.0,0.52,100
1073343,1,0.06,0.0,0.15,0.8,0.2,0.0,0.47,1.0,1.0,100
1041225,1,0.01,1.0,0.0,1.0,0.0,0.0,0.07,1.0,0.19,100
1042047,0,1.0,0.0,0.2,0.75,0.0,0.25,0.34,1.0,0.33,100
1042050,0,1.0,1.0,0.5,0.4,0.2,0.4,0.55,1.0,0.67,96
1042542,0,1.0,0.0,0.8,0.2,0.0,0.8,0.36,1.0,1.0,100
1051728,1,0.02,0.0,0.0,1.0,0.0,0.0,0.69,1.0,1.0,100
1053314,0,0.15,0.0,0.0,1.0,0.0,0.0,0.42,1.0,1.0,100
1053315,1,0.32,0.0,0.0,1.0,0.0,0.0,0.03,1.0,0.19,100
1053362,0,1.0,0.0,0.1,0.8,0.2,0.0,0.49,1.0,0.7,96
1060948,0,0.06,0.0,0.45,0.2,0.6,0.2,0.36,1.0,0.7,100
1061230,0,0.42,1.0,0.85,0.0,0.4,0.6,0.84,1.0,0.63,76
1061551,1,0.43,0.0,0.0,1.0,0.0,0.0,0.41,1.0,0.78,52
1061702,0,0.09,0.0,0.4,0.6,0.0,0.4,0.25,1.0,0.26,100
1061748,1,0.02,0.0,0.0,1.0,0.0,0.0,0.28,1.0,0.33,100
1061751,0,0.02,0.0,0.15,0.25,0.75,0.0,0.23,1.0,0.19,100
1063330,1,0.71,0.0,1.0,0.0,0.0,1.0,0.21,1.0,0.81,100
1071404,0,1.0,1.0,0.5,0.2,0.4,0.4,0.5,1.0,0.33,100
1071411,1,1.0,0.0,0.15,0.8,0.2,0.0,0.43,1.0,0.52,100
1071422,0,1.0,1.0,1.0,0.0,0.0,1.0,0.55,1.0,1.0,100
1071448,0,0.02,0.0,0.0,1.0,0.0,0.0,0.18,1.0,0.81,36
1071508,0,0.02,0.0,0.0,1.0,0.0,0.0,0.27,1.0,0.7,100
1071510,1,0.78,0.0,0.45,0.4,0.2,0.4,0.65,1.0,0.41,100
1071519,0,0.05,1.0,0.3,0.4,0.4,0.2,0.43,1.0,0.67,100
1071648,1,0.29,1.0,0.0,1.0,0.0,0.0,0.36,1.0,0.52,100
1073304,0,0.32,0.0,0.0,1.0,0.0,0.0,0.47,1.0,1.0,100
1073305,0,1.0,0.95,1.0,0.0,0.0,1.0,0.08,1.0,0.26,96
1073306,1,0.01,0.0,1.0,0.0,0.0,1.0,0.09,1.0,0.26,100
1073307,0,0.06,0.0,0.55,0.0,0.6,0.4,0.43,1.0,0.85,100
1073308,0,0.02,0.0,0.4,0.6,0.0,0.4,0.21,1.0,0.59,100
1073311,1,0.03,0.0,0.3,0.4,0.4,0.2,0.6,1.0,0.33,100
1073314,1,0.26,0.0,0.0,1.0,0.0,0.0,0.21,1.0,0.19,100
1073319,1,0.39,0.0,0.0,1.0,0.0,0.0,0.1,1.0,0.19,96
1073321,1,1.0,0.0,0.0,1.0,0.0,0.0,0.33,1.0,0.19,100
1073322,0,0.27,0.0,1.0,0.0,0.0,1.0,0.3,1.0,0.56,56
1073335,1,0.99,0.0,0.15,0.8,0.2,0.0,0.5,1.0,0.37,100
1073336,1,0.18,0.0,0.0,1.0,0.0,0.0,0.06,1.0,0.19,100
1073341,1,0.18,0.0,0.0,1.0,0.0,0.0,0.35,1.0,0.78,100
1073343,1,0.06,0.0,0.5,0.2,0.4,0.4,0.21,1.0,0.26,100
1041225,1,0.02,0.0,0.0,1.0,0.0,0.0,0.03,1.0,0.26,100
1042050,0,0.79,0.0,1.0,0.0,0.0,1.0,0.43,1.0,0.33,80
1042542,0,1.0,0.0,1.0,0.0,0.0,1.0,0.17,1.0,0.19,96
1051318,0,0.31,1.0,0.85,0.0,0.2,0.8,0.84,1.0,1.0,80
1051703,1,0.02,0.0,1.0,0.0,0.0,1.0,0.14,1.0,0.22,100
1053315,1,0.02,0.0,0.0,1.0,0.0,0.0,0.03,1.0,0.19,96
1060948,0,0.19,0.0,0.25,0.25,0.75,0.0,0.14,1.0,0.19,96
1061230,0,0.06,1.0,1.0,0.0,0.0,1.0,0.82,1.0,0.48,100
1061748,1,0.04,0.0,0.45,0.25,0.25,0.5,0.35,1.0,0.22,88
1061751,0,0.02,0.0,0.85,0.0,0.2,0.8,0.29,1.0,0.33,100
1071404,0,1.0,0.0,0.6,0.2,0.4,0.4,0.48,1.0,0.19,100
1071411,1,0.01,0.0,1.0,0.0,0.0,1.0,0.61,1.0,0.33,64
1071444,1,1.0,0.0,0.6,0.4,0.0,0.6,0.5,1.0,0.3,96
1071448,0,0.03,0.0,0.0,1.0,0.0,0.0,0.02,1.0,0.19,76
1071504,1,0.97,1.0,1.0,0.0,0.0,1.0,0.48,1.0,0.19,88
1071519,0,0.01,0.0,0.1,0.6,0.4,0.0,0.23,1.0,0.22,100
1073304,0,0.02,0.0,0.0,1.0,0.0,0.0,0.48,1.0,1.0,100
1073305,0,0.36,0.0,0.95,0.0,0.2,0.8,0.04,1.0,0.22,92
1073307,0,0.05,0.0,1.0,0.0,0.0,1.0,0.04,1.0,0.26,96
1073308,0,0.04,0.0,0.8,0.2,0.0,0.8,0.32,1.0,0.41,100
1073312,1,0.14,0.0,0.65,0.2,0.2,0.6,0.46,1.0,0.19,84
1073314,1,0.05,0.0,0.0,1.0,0.0,0.0,0.07,1.0,0.19,100
1073322,0,0.4,0.0,1.0,0.0,0.0,1.0,0.45,1.0,0.48,64
1073335,1,0.34,0.0,0.35,0.6,0.2,0.2,0.44,1.0,0.15,100
1073336,1,0.01,0.0,0.0,1.0,0.0,0.0,0.31,1.0,0.19,100
1073341,1,0.05,0.0,0.0,1.0,0.0,0.0,0.66,1.0,0.26,100
1041225,1,0.05,0.0,0.2,0.8,0.0,0.2,0.42,1.0,0.19,100
1041411,0,0.01,0.0,0.0,1.0,0.0,0.0,0.25,1.0,0.33,96
1042047,0,1.0,1.0,1.0,0.0,0.0,1.0,0.59,1.0,0.26,84
1042050,0,0.05,1.0,1.0,0.0,0.0,1.0,0.09,1.0,0.26,80
1042542,0,1.0,0.0,1.0,0.0,0.0,1.0,0.47,1.0,0.33,100
1051535,1,0.44,0.0,0.8,0.2,0.0,0.8,0.54,1.0,0.48,96
1051563,0,1.0,0.0,1.0,0.0,0.0,1.0,0.07,1.0,0.22,100
1051703,1,0.1,0.0,1.0,0.0,0.0,1.0,0.19,1.0,0.19,84
1053362,0,0.7,0.0,0.4,0.6,0.0,0.4,0.66,1.0,1.0,100
1061230,0,1.0,1.0,1.0,0.0,0.0,1.0,0.47,1.0,0.26,0
1061551,1,0.43,0.0,0.45,0.2,0.6,0.2,0.72,1.0,0.48,84
1061748,1,0.01,0.0,1.0,0.0,0.0,1.0,0.46,1.0,0.33,92
1061751,0,0.13,0.0,1.0,0.0,0.0,1.0,0.6,1.0,0.19,96
1063330,1,0.01,0.0,0.95,0.0,0.2,0.8,0.58,1.0,0.44,100
1071404,0,1.0,1.0,1.0,0.0,0.0,1.0,0.56,1.0,0.33,16
1071413,0,0.77,1.0,1.0,0.0,0.0,1.0,0.6,1.0,0.41,100
1071422,0,0.95,0.0,0.8,0.2,0.0,0.8,0.21,1.0,0.48,96
1071433,0,0.03,0.0,0.8,0.2,0.0,0.8,0.4,1.0,0.41,100
1071444,1,1.0,1.0,1.0,0.0,0.0,1.0,0.59,1.0,0.26,80
1071448,0,0.06,0.0,0.0,1.0,0.0,0.0,0.03,1.0,0.19,96
1071504,1,0.4,0.0,1.0,0.0,0.0,1.0,0.22,1.0,0.26,100
1071510,1,0.21,0.0,0.95,0.0,0.2,0.8,0.68,1.0,0.19,100
1071519,0,0.2,0.0,0.4,0.5,0.0,0.5,0.55,1.0,0.41,100
1071538,0,0.05,0.0,0.6,0.4,0.0,0.6,0.46,1.0,1.0,60
1071648,1,1.0,0.0,1.0,0.0,0.0,1.0,0.56,1.0,0.3,100
1073304,0,0.22,0.0,0.35,0.0,1.0,0.0,0.65,1.0,1.0,96
1073305,0,1.0,0.0,1.0,0.0,0.0,1.0,0.04,1.0,0.19,32
1073306,1,1.0,0.0,1.0,0.0,0.0,1.0,0.35,1.0,0.33,16
1073307,0,0.78,0.0,1.0,0.0,0.0,1.0,0.09,1.0,0.48,100
1073308,0,0.05,0.0,1.0,0.0,0.0,1.0,0.17,1.0,0.19,88
1073314,1,0.48,0.0,0.3,0.6,0.4,0.0,0.34,1.0,0.19,100
1073319,1,1.0,0.0,1.0,0.0,0.0,1.0,0.51,1.0,0.19,100
1073321,1,0.39,0.0,0.4,0.6,0.0,0.4,0.74,1.0,0.44,100
1073322,0,0.06,0.0,1.0,0.0,0.0,1.0,0.36,1.0,0.48,100
1073333,0,1.0,1.0,0.4,0.6,0.0,0.4,0.49,1.0,0.52,88
1073335,1,0.83,0.0,1.0,0.0,0.0,1.0,0.36,1.0,0.19,100
1073336,1,1.0,0.0,1.0,0.0,0.0,1.0,0.36,1.0,0.19,100
1073341,1,0.09,0.0,1.0,0.0,0.0,1.0,0.34,1.0,0.26,100
1041225,1,0.08,0.0,0.0,1.0,0.0,0.0,0.09,1.0,0.15,100
1041411,0,0.02,0.0,0.0,1.0,0.0,0.0,0.09,1.0,0.15,100
1042050,0,0.1,0.0,0.1,0.6,0.4,0.0,0.14,1.0,0.22,100
1042542,0,1.0,0.0,0.0,1.0,0.0,0.0,0.1,1.0,0.15,100
1051318,0,0.04,0.0,0.0,1.0,0.0,0.0,0.1,1.0,0.15,100
1051535,1,0.27,0.0,0.0,1.0,0.0,0.0,0.05,1.0,0.15,100
1051703,1,0.02,0.0,0.0,1.0,0.0,0.0,0.09,1.0,0.15,100
1051728,1,0.18,0.0,0.0,1.0,0.0,0.0,0.12,1.0,0.22,100
1053314,0,1.0,0.0,0.0,1.0,0.0,0.0,0.05,1.0,0.15,68
1053362,0,0.09,0.07,0.0,1.0,0.0,0.0,0.1,1.0,0.15,68
1061230,0,0.02,0.0,1.0,0.0,0.0,1.0,0.07,1.0,0.22,88
1061702,0,0.08,0.0,0.2,0.8,0.0,0.2,0.32,1.0,0.3,100
1061748,1,0.07,0.0,0.0,1.0,0.0,0.0,0.16,1.0,0.15,100
1061751,0,0.02,0.0,0.0,1.0,0.0,0.0,0.14,1.0,0.33,100
1071403,0,1.0,0.0,0.0,1.0,0.0,0.0,0.24,1.0,0.15,100
1071404,0,0.05,0.0,0.0,1.0,0.0,0.0,0.09,1.0,0.15,68
1071411,1,0.16,0.0,0.0,1.0,0.0,0.0,0.11,1.0,0.26,68
1071413,0,0.09,0.0,0.0,1.0,0.0,0.0,0.23,1.0,0.15,68
1071444,1,0.31,0.0,0.05,0.8,0.2,0.0,0.25,1.0,0.81,100
1071504,1,0.04,0.0,0.0,1.0,0.0,0.0,0.14,1.0,0.15,100
1071510,1,0.34,0.0,0.0,1.0,0.0,0.0,0.11,1.0,0.15,100
1071519,0,0.05,0.0,0.0,1.0,0.0,0.0,0.16,1.0,0.15,100
1071537,1,0.04,0.0,0.0,1.0,0.0,0.0,0.15,1.0,0.15,92
1071538,0,0.05,0.0,0.0,1.0,0.0,0.0,0.13,1.0,0.15,100
1073304,0,0.14,0.0,0.0,1.0,0.0,0.0,0.1,1.0,0.15,100
1073305,0,0.44,0.28,0.0,1.0,0.0,0.0,0.1,0.6,0.52,100
1073306,1,0.03,0.0,0.0,1.0,0.0,0.0,0.09,1.0,0.15,100
1073307,0,0.08,0.0,0.0,1.0,0.0,0.0,0.16,1.0,0.15,100
1073308,0,0.04,0.0,0.0,1.0,0.0,0.0,0.12,1.0,0.15,100
1073311,1,0.02,0.0,0.1,0.6,0.4,0.0,0.29,1.0,0.26,100
1073312,1,0.03,0.0,0.0,1.0,0.0,0.0,0.16,1.0,0.15,100
1073314,1,0.63,0.0,0.0,1.0,0.0,0.0,0.09,1.0,0.22,68
1073319,1,0.02,0.0,0.0,1.0,0.0,0.0,0.28,1.0,0.48,96
1073321,1,0.06,0.0,0.0,1.0,0.0,0.0,0.15,1.0,0.22,68
1073330,0,0.05,0.0,0.0,1.0,0.0,0.0,0.1,1.0,0.15,100
1073333,0,0.08,0.0,0.0,1.0,0.0,0.0,0.17,1.0,0.15,100
1073335,1,0.08,0.0,0.0,1.0,0.0,0.0,0.15,1.0,0.22,100
1073336,1,0.11,0.0,0.0,1.0,0.0,0.0,0.11,1.0,0.15,100
1073341,1,0.31,0.16,0.0,1.0,0.0,0.0,0.17,1.0,0.22,100
1073343,1,0.06,0.0,0.0,1.0,0.0,0.0,0.11,1.0,0.48,100
1041225,1,0.02,0.0,0.0,1.0,0.0,0.0,0.1,1.0,0.15,0
1042047,0,0.75,0.0,0.65,0.0,0.6,0.4,0.37,1.0,0.3,100
1042050,0,0.36,0.0,0.2,0.2,0.8,0.0,0.15,1.0,0.22,100
1042542,0,1.0,0.0,0.0,1.0,0.0,0.0,0.07,1.0,0.15,100
1051513,1,0.06,0.0,0.0,1.0,0.0,0.0,0.12,1.0,0.15,92
1051521,0,0.02,0.0,0.0,1.0,0.0,0.0,0.08,1.0,0.15,100
1051563,0,1.0,0.0,0.4,0.0,0.8,0.2,0.15,1.0,0.15,100
1051728,1,0.19,0.0,0.0,1.0,0.0,0.0,0.09,1.0,0.15,100
1053314,0,0.11,0.0,0.0,1.0,0.0,0.0,0.09,1.0,0.15,100
1053315,1,0.2,0.0,0.0,1.0,0.0,0.0,0.18,1.0,0.48,100
1053362,0,0.4,0.0,0.0,1.0,0.0,0.0,0.07,1.0,0.15,40
1060948,0,0.12,0.0,0.0,1.0,0.0,0.0,0.06,1.0,0.15,100
1061230,0,0.01,0.0,0.0,1.0,0.0,0.0,0.36,1.0,0.15,100
1061423,1,0.06,0.0,0.0,1.0,0.0,0.0,0.11,1.0,0.15,92
1061551,1,0.01,0.0,0.0,1.0,0.0,0.0,0.09,1.0,0.15,100
1061702,0,0.05,0.0,0.15,0.8,0.2,0.0,0.25,1.0,0.3,100
1061748,1,0.31,0.0,0.05,0.75,0.25,0.0,0.12,1.0,0.15,100
1061751,0,0.01,0.0,0.1,0.5,0.5,0.0,0.14,1.0,0.15,40
1063301,0,0.4,0.0,0.0,1.0,0.0,0.0,0.09,1.0,0.15,100
1063330,1,0.01,0.0,0.0,1.0,0.0,0.0,0.09,1.0,0.15,100
1071404,0,0.85,0.0,0.0,1.0,0.0,0.0,0.12,1.0,0.15,100
1071411,1,0.67,0.0,0.0,1.0,0.0,0.0,0.1,1.0,0.15,100
1071413,0,1.0,0.21,0.0,1.0,0.0,0.0,0.13,1.0,0.15,100
1071422,0,0.62,0.0,0.2,0.8,0.0,0.2,0.09,1.0,0.22,100
1071426,0,1.0,0.0,0.0,1.0,0.0,0.0,0.23,1.0,0.15,92
1071433,0,0.02,0.0,0.0,1.0,0.0,0.0,0.16,1.0,0.33,100
1071444,1,1.0,0.0,0.0,1.0,0.0,0.0,0.09,1.0,0.15,100
1071448,0,0.06,0.05,0.0,1.0,0.0,0.0,0.15,1.0,0.56,100
1071510,1,0.16,0.0,0.0,1.0,0.0,0.0,0.16,1.0,0.56,100
1071648,1,0.18,0.0,0.0,1.0,0.0,0.0,0.08,1.0,0.22,100
1073304,0,0.32,0.0,0.0,1.0,0.0,0.0,0.05,1.0,0.15,100
1073305,0,0.08,0.0,0.6,0.4,0.0,0.6,0.16,1.0,0.52,16
1073306,1,0.01,0.0,0.0,1.0,0.0,0.0,0.09,1.0,0.15,100
1073307,0,0.91,0.0,0.0,1.0,0.0,0.0,0.07,1.0,0.15,84
1073308,0,0.03,0.0,0.0,1.0,0.0,0.0,0.1,1.0,0.15,100
1073311,1,0.1,0.0,0.0,1.0,0.0,0.0,0.12,1.0,0.15,100
1073312,1,0.02,0.0,0.05,0.75,0.25,0.0,0.13,1.0,0.15,100
1073314,1,0.07,0.0,0.0,1.0,0.0,0.0,0.1,1.0,0.15,100
1073319,1,0.12,0.0,0.0,1.0,0.0,0.0,0.12,1.0,0.15,100
1073321,1,0.1,0.0,0.0,1.0,0.0,0.0,0.09,1.0,0.15,100
1073322,0,0.12,0.0,0.0,1.0,0.0,0.0,0.06,1.0,0.15,96
1073333,0,0.44,1.0,0.0,1.0,0.0,0.0,0.11,1.0,0.15,100
1073335,1,0.15,0.0,0.0,1.0,0.0,0.0,0.1,1.0,0.15,100
1073336,1,0.02,0.0,0.0,1.0,0.0,0.0,0.14,1.0,0.48,100
1073341,1,0.19,0.0,0.0,1.0,0.0,0.0,0.08,1.0,0.15,100
1041225,1,0.02,0.0,0.0,1.0,0.0,0.0,0.41,1.0,0.15,100
1041411,0,0.02,0.0,0.0,1.0,0.0,0.0,0.58,1.0,0.48,100
1042542,0,1.0,0.0,0.6,0.25,0.0,0.75,0.43,1.0,0.33,100
1051318,0,0.04,0.0,0.05,0.5,0.5,0.0,0.18,0.0,0.07,40
1051535,1,0.51,0.0,0.05,0.8,0.2,0.0,0.33,1.0,0.56,100
1051563,0,0.32,0.0,0.25,0.5,0.25,0.25,0.38,0.6,0.11,100
1051703,1,0.01,0.0,0.0,1.0,0.0,0.0,0.28,1.0,0.22,32
1051728,1,0.08,0.0,0.0,1.0,0.0,0.0,0.39,1.0,0.56,100
1053314,0,0.05,0.0,0.0,1.0,0.0,0.0,0.36,1.0,0.26,100
1053315,1,0.24,0.0,0.0,1.0,0.0,0.0,0.18,1.0,0.48,64
1053362,0,0.64,0.0,0.1,0.8,0.2,0.0,0.5,1.0,0.48,100
1060948,0,1.0,0.0,0.5,0.2,0.4,0.4,0.45,1.0,0.74,40
1061230,0,0.01,0.0,0.45,0.0,0.33,0.67,0.37,0.6,0.11,96
1061423,1,0.02,0.0,0.15,0.8,0.2,0.0,0.53,1.0,0.59,36
1061551,1,0.22,0.0,0.0,1.0,0.0,0.0,0.35,0.6,0.3,100
1061702,0,0.09,0.0,0.25,0.0,0.5,0.5,0.2,0.2,0.19,100
1061748,1,0.02,0.0,0.25,0.4,0.6,0.0,0.71,0.8,0.3,36
1061751,0,0.01,0.0,0.8,0.0,0.0,1.0,0.42,1.0,0.37,100
1063330,1,0.02,0.0,0.0,1.0,0.0,0.0,0.28,1.0,0.15,0
1071404,0,0.58,0.0,0.2,0.0,1.0,0.0,0.64,1.0,0.63,100
1071411,1,0.02,0.0,0.0,1.0,0.0,0.0,0.49,1.0,0.22,80
1071413,0,1.0,0.0,0.0,1.0,0.0,0.0,0.35,1.0,0.15,100
1071422,0,0.42,0.0,0.45,0.4,0.2,0.4,0.42,1.0,0.52,88
1071444,1,1.0,0.0,0.05,0.8,0.2,0.0,0.42,0.4,0.48,100
1071448,0,0.01,0.0,0.0,1.0,0.0,0.0,0.55,1.0,0.74,96
1071510,1,0.14,0.19,0.2,0.6,0.4,0.0,0.42,1.0,0.22,100
1071519,0,0.01,0.0,1.0,0.0,0.0,1.0,0.36,1.0,0.3,88
1071538,0,0.05,0.0,0.1,0.8,0.2,0.0,0.59,0.4,1.0,32
1071648,1,0.3,0.0,0.0,1.0,0.0,0.0,0.21,1.0,0.44,100
1073304,0,0.04,0.0,0.0,1.0,0.0,0.0,0.32,1.0,0.3,100
1073305,0,0.02,0.0,0.0,1.0,0.0,0.0,0.04,1.0,0.15,100
1073306,1,0.01,0.0,0.6,0.4,0.0,0.6,0.03,1.0,0.15,100
1073307,0,0.11,0.0,0.4,0.5,0.0,0.5,0.52,1.0,0.85,76
1073308,0,0.01,0.0,0.0,1.0,0.0,0.0,0.3,1.0,0.15,100
1073311,1,0.02,0.0,0.15,0.67,0.33,0.0,0.34,0.4,0.15,48
1073312,1,0.01,0.0,0.2,0.5,0.0,0.5,0.24,0.2,0.04,40
1073319,1,0.25,0.12,0.05,0.5,0.5,0.0,0.72,0.4,0.15,0
1073321,1,0.54,0.0,0.0,1.0,0.0,0.0,0.31,1.0,0.15,100
1073322,0,0.06,0.0,0.8,0.0,0.0,1.0,0.34,1.0,0.22,100
1073330,0,0.01,0.0,0.0,1.0,0.0,0.0,0.2,1.0,0.15,36
1073333,0,0.31,0.0,0.0,1.0,0.0,0.0,0.21,0.6,0.11,100
1073335,1,0.38,0.0,0.3,0.6,0.4,0.0,0.56,1.0,0.85,100
1073336,1,0.21,0.0,0.0,1.0,0.0,0.0,0.3,1.0,0.15,100
1073341,1,0.01,0.0,0.0,1.0,0.0,0.0,0.1,1.0,0.15,100
1073343,1,0.06,0.0,0.25,0.4,0.6,0.0,0.38,1.0,0.59,36
1041225,1,0.01,1.0,0.0,1.0,0.0,0.0,0.73,1.0,0.96,100
1042047,0,1.0,0.0,0.15,0.5,0.5,0.0,0.08,0.0,0.11,52
1042050,0,1.0,1.0,0.05,0.75,0.25,0.0,0.13,1.0,0.15,60
1042542,0,1.0,0.0,0.8,0.2,0.0,0.8,0.41,1.0,0.56,100
1051728,1,0.02,0.0,0.0,1.0,0.0,0.0,0.16,1.0,0.44,96
1053314,0,0.15,0.0,0.0,1.0,0.0,0.0,0.08,1.0,0.15,52
1053315,1,0.32,0.0,0.0,1.0,0.0,0.0,0.08,1.0,0.15,100
1053362,0,1.0,0.0,0.0,1.0,0.0,0.0,0.1,1.0,0.15,52
1060948,0,0.06,0.0,1.0,0.0,0.0,1.0,0.4,1.0,0.67,52
1061230,0,0.42,1.0,1.0,0.0,0.0,1.0,0.04,1.0,0.15,48
1061551,1,0.43,0.0,0.0,1.0,0.0,0.0,0.49,0.4,0.93,52
1061702,0,0.09,0.0,0.65,0.2,0.4,0.4,0.55,1.0,0.63,32
1061748,1,0.02,0.0,0.0,1.0,0.0,0.0,0.18,1.0,0.22,100
1061751,0,0.02,0.0,0.2,0.67,0.0,0.33,0.35,0.2,0.41,52
1063330,1,0.71,0.0,0.6,0.25,0.0,0.75,0.38,1.0,0.7,32
1071404,0,1.0,1.0,0.35,0.2,0.6,0.2,0.21,1.0,0.3,80
1071411,1,1.0,0.0,0.4,0.5,0.0,0.5,0.22,1.0,0.3,80
1071422,0,1.0,1.0,0.8,0.0,0.0,1.0,0.2,1.0,0.22,32
1071448,0,0.02,0.0,0.0,1.0,0.0,0.0,0.52,1.0,0.22,28
1071508,0,0.02,0.0,0.0,1.0,0.0,0.0,0.44,0.2,0.63,32
1071510,1,0.78,0.0,0.05,0.5,0.5,0.0,0.09,0.2,0.11,52
1071519,0,0.05,1.0,0.4,0.6,0.0,0.4,0.49,1.0,0.67,32
1071648,1,0.29,1.0,0.0,1.0,0.0,0.0,0.37,1.0,0.48,100
1073304,0,0.32,0.0,0.0,1.0,0.0,0.0,0.36,0.4,0.78,52
1073305,0,1.0,0.95,1.0,0.0,0.0,1.0,0.04,1.0,0.22,44
1073306,1,0.01,0.0,1.0,0.0,0.0,1.0,0.03,1.0,0.15,52
1073307,0,0.06,0.0,1.0,0.0,0.0,1.0,0.43,1.0,0.59,92
1073308,0,0.02,0.0,0.6,0.4,0.0,0.6,0.44,1.0,0.41,100
1073311,1,0.03,0.0,0.2,0.0,0.0,1.0,0.12,0.0,0.0,100
1073314,1,0.26,0.0,0.0,1.0,0.0,0.0,0.08,1.0,0.15,52
1073319,1,0.39,0.0,0.0,1.0,0.0,0.0,0.57,1.0,0.48,100
1073321,1,1.0,0.0,0.5,0.4,0.4,0.2,0.55,0.8,0.93,100
1073322,0,0.27,0.0,0.8,0.0,0.0,1.0,0.46,1.0,0.15,52
1073335,1,0.99,0.0,0.0,1.0,0.0,0.0,0.29,1.0,0.44,100
1073336,1,0.18,0.0,0.0,1.0,0.0,0.0,0.34,1.0,0.48,100
1073341,1,0.18,0.0,0.0,1.0,0.0,0.0,0.28,0.4,0.37,100
1073343,1,0.06,0.0,0.85,0.0,0.2,0.8,0.33,1.0,0.22,92
1041225,1,0.02,0.0,0.0,1.0,0.0,0.0,0.29,1.0,0.15,100
1042050,0,0.79,0.0,1.0,0.0,0.0,1.0,0.13,1.0,0.37,72
1042542,0,1.0,0.0,1.0,0.0,0.0,1.0,0.41,1.0,0.15,84
1051318,0,0.31,1.0,0.5,0.25,0.25,0.5,0.05,0.4,0.22,52
1051703,1,0.02,0.0,1.0,0.0,0.0,1.0,0.16,1.0,0.15,36
1053315,1,0.02,0.0,0.0,1.0,0.0,0.0,0.1,1.0,0.15,88
1060948,0,0.19,0.0,0.25,0.5,0.25,0.25,0.33,1.0,0.48,96
1061230,0,0.06,1.0,0.8,0.0,0.0,1.0,0.02,0.6,0.11,84
1061748,1,0.04,0.0,1.0,0.0,0.0,1.0,0.33,1.0,0.3,96
1061751,0,0.02,0.0,0.8,0.0,0.0,1.0,0.2,1.0,0.3,32
1071404,0,1.0,0.0,1.0,0.0,0.0,1.0,0.28,0.8,0.22,48
1071411,1,0.01,0.0,1.0,0.0,0.0,1.0,0.28,1.0,0.15,52
1071444,1,1.0,0.0,0.8,0.2,0.0,0.8,0.17,1.0,0.15,100
1071448,0,0.03,0.0,0.0,1.0,0.0,0.0,0.07,1.0,0.11,36
1071504,1,0.97,1.0,1.0,0.0,0.0,1.0,0.05,1.0,0.15,48
1071519,0,0.01,0.0,0.1,0.5,0.5,0.0,0.36,0.8,0.26,28
1073304,0,0.02,0.0,0.0,1.0,0.0,0.0,0.29,0.4,0.37,84
1073305,0,0.36,0.0,1.0,0.0,0.0,1.0,0.07,1.0,0.22,76
1073307,0,0.05,0.0,1.0,0.0,0.0,1.0,0.07,1.0,0.11,80
1073308,0,0.04,0.0,0.2,0.0,0.0,1.0,0.1,0.0,0.0,80
1073312,1,0.14,0.0,0.2,0.0,0.0,1.0,0.12,0.0,0.0,100
1073314,1,0.05,0.0,0.8,0.2,0.0,0.8,0.6,1.0,1.0,84
1073322,0,0.4,0.0,1.0,0.0,0.0,1.0,0.29,1.0,0.37,68
1073335,1,0.34,0.0,0.05,0.8,0.2,0.0,0.31,0.0,0.3,100
1073336,1,0.01,0.0,0.0,1.0,0.0,0.0,0.25,0.4,0.07,100
1073341,1,0.05,0.0,0.0,1.0,0.0,0.0,0.0,0.2,0.04,100
1041225,1,0.05,0.0,0.0,1.0,0.0,0.0,0.14,1.0,0.15,100
1041411,0,0.01,0.0,0.0,1.0,0.0,0.0,0.38,1.0,0.15,96
1042047,0,1.0,1.0,1.0,0.0,0.0,1.0,0.27,1.0,0.22,24
1042050,0,0.05,1.0,1.0,0.0,0.0,1.0,0.12,1.0,0.15,16
1042542,0,1.0,0.0,1.0,0.0,0.0,1.0,0.36,1.0,0.15,100
1051535,1,0.44,0.0,0.8,0.2,0.0,0.8,0.27,1.0,0.15,96
1051563,0,1.0,0.0,0.2,0.8,0.0,0.2,0.22,1.0,0.15,100
1051703,1,0.1,0.0,1.0,0.0,0.0,1.0,0.27,1.0,0.15,84
1053362,0,0.7,0.0,1.0,0.0,0.0,1.0,0.05,1.0,0.15,100
1061230,0,1.0,1.0,1.0,0.0,0.0,1.0,0.34,1.0,0.15,0
1061551,1,0.43,0.0,0.2,0.33,0.67,0.0,0.15,0.4,0.15,84
1061748,1,0.01,0.0,1.0,0.0,0.0,1.0,0.32,1.0,0.22,100
1061751,0,0.13,0.0,1.0,0.0,0.0,1.0,0.05,1.0,0.22,40
1063330,1,0.01,0.0,1.0,0.0,0.0,1.0,0.29,1.0,0.37,100
1071404,0,1.0,1.0,1.0,0.0,0.0,1.0,0.19,1.0,0.15,100
1071413,0,0.77,1.0,1.0,0.0,0.0,1.0,0.05,1.0,0.15,100
1071422,0,0.95,0.0,1.0,0.0,0.0,1.0,0.54,1.0,0.44,96
1071433,0,0.03,0.0,1.0,0.0,0.0,1.0,0.05,1.0,0.22,100
1071444,1,1.0,1.0,1.0,0.0,0.0,1.0,0.06,1.0,0.15,84
1071448,0,0.06,0.0,0.0,1.0,0.0,0.0,0.05,1.0,0.15,96
1071504,1,0.4,0.0,0.95,0.0,0.2,0.8,0.14,1.0,0.15,100
1071510,1,0.21,0.0,0.25,0.0,0.5,0.5,0.2,0.2,0.04,80
1071519,0,0.2,0.0,1.0,0.0,0.0,1.0,0.07,1.0,0.15,100
1071538,0,0.05,0.0,0.2,0.67,0.0,0.33,0.16,0.2,0.19,56
1071648,1,1.0,0.0,0.8,0.2,0.0,0.8,0.25,1.0,0.15,100
1073304,0,0.22,0.0,0.15,0.5,0.5,0.0,0.19,0.2,0.15,100
1073305,0,1.0,0.0,1.0,0.0,0.0,1.0,0.03,1.0,0.15,16
1073306,1,1.0,0.0,1.0,0.0,0.0,1.0,0.04,1.0,0.3,8
1073307,0,0.78,0.0,1.0,0.0,0.0,1.0,0.04,1.0,0.15,100
1073308,0,0.05,0.0,1.0,0.0,0.0,1.0,0.2,1.0,0.15,92
1073314,1,0.48,0.0,0.15,0.8,0.2,0.0,0.35,1.0,0.15,100
1073319,1,1.0,0.0,0.0,1.0,0.0,0.0,0.34,0.8,0.15,100
1073321,1,0.39,0.0,0.2,0.0,0.0,1.0,0.12,0.0,0.0,100
1073322,0,0.06,0.0,1.0,0.0,0.0,1.0,0.45,1.0,0.22,100
1073333,0,1.0,1.0,0.4,0.6,0.0,0.4,0.04,1.0,0.26,56
1073335,1,0.83,0.0,1.0,0.0,0.0,1.0,0.05,1.0,0.37,100
1073336,1,1.0,0.0,1.0,0.0,0.0,1.0,0.29,1.0,0.15,100
1073341,1,0.09,0.0,1.0,0.0,0.0,1.0,0.52,1.0,0.19,100